,hash_id,post_count,comment_count
0,0005d9b94cb20c441de5e54d3ebbfd40,0,3
1,000e7c5b2292800b0c826dd50efdea29,0,1
2,005d59d9b4d26840bc85079bf1f30ba5,0,1
3,00911d76f27568f28d8a3d0e3fdef37e,0,1
4,00fc97b3e00b71eec9c2d1befecdceae,0,3
5,010185d3c04924e21515f79d8bfb8ef6,0,1
6,011c681177e5dead220122cb8a2f074b,0,1
7,0157b1b25cf107fec0c64ad738541a97,0,3
8,015c0f1980e66eea550d8c0ce1523c58,0,1
9,015f4cf9f5cf3204bfd3358f5c49b8bd,1,2
10,0175522088138961ea9c3c51fb70d55b,0,4
11,0185098deb69e918cfb1af8670f2a000,0,1
12,0193c7d67a726a6095326c1dd953f6fb,0,2
13,0196f2b31f52c34ed4014c55804bef6b,0,1
14,01d039345a6f11d74b1e805ae115cdbb,0,1
15,02486f15fb875be313bac4df9bc5accc,1,0
16,026a178f6b4ea6354443288fbff100a7,0,2
17,029ee8dc3d2dac59844633dc464b2876,0,1
18,02afdf34987204fc70ca1fb0efa87a8d,0,2
19,02e7cc0b86aab1ce357f4330704cffed,0,1
20,033fdb43f7e6c5bf804edc5d60f824f6,0,1
21,0353f3897a84e139867c951ddd291c3b,1,0
22,03637b1cc0c18f97e4cf1cef6e973493,0,1
23,03681232c9e1ce2d30af29832392aaa6,0,1
24,039bad0cc6db0663f6c0326dfad3d27e,0,1
25,03bdc3124f93fa0a9f8d8ff4e109eb70,0,1
26,03c35e4e84ed3fd5b113ee08d8a1c12d,0,2
27,03cc0965d3a69f098887dfe64dc0054d,0,3
28,03d77c80161fff4aa2938a0408070327,0,1
29,040b4e0fa3d4479587aa8926ead06f00,1,0
30,04353a32c9adcb3ed9215f55dc9c765c,0,3
31,046433a8218aafd5b29559c1e1545970,1,7
32,0466dc405f73991ebf884669331d4458,0,2
33,046c528cec2380a646d55cdfa8d7bd0b,0,1
34,048fef0362b59d7462c0b10aefdd1310,0,1
35,04bcf8c7b4e22f8d986b56d21365a28c,0,1
36,04c08c497d9432f62cf242c19c4ef5e4,0,2
37,04c95da8cebd7777df0d95689c9addf6,1,0
38,04fa027cc6ef9703b2f13e2239523fb3,1,0
39,05d21ea20ebb0941596a203b31da10ad,0,2
40,0606db6a4e953b7d8a4d58cb442b340c,0,1
41,060a0b5cfa89ebb68ad955bf962ce5a7,0,1
42,060a9999b4ae695144aca46e9d292fa4,9,1
43,0618bd3a9a46bba4f95523386f89a082,1,0
44,06204ed086daface2fc3d7794f59be83,0,2
45,0627d84942b50cefd3e4e2471e4be586,1,0
46,064dce32df295966e3e51741db6736dc,11,17
47,065eb9a2e9e5bbf8ef5c9477e5a49c42,3,1
48,06609309e214b3fd65c2f764fd8609a8,1,1
49,0674afeb35346f5c90b9bc00914417e6,0,2
50,069107affe93db3efa99b7f0ee7a20d4,0,1
51,06c076de3e52e2b6b98c692e38592fec,0,1
52,06dc469b70f8515f56d5a85f158d2db2,1,0
53,0712a1443b78db3c3fba3e626ff722a8,0,2
54,071e902dae96124b7fd8f1ec1bf6ac27,0,1
55,07b97565f809deac59180b52c2854ac8,0,1
56,07cd46a4fbf734da7d7e00d612408f66,0,6
57,07fe52050102c1c6da3d60c416e7b306,0,1
58,0813ab612797a8d029904889226ae94d,1,19
59,081cc8a963c5f4dd9dbb2203a18afaf7,0,1
60,08447e0ffe16d300292e1de4c65ca4ea,0,1
61,085cd927dcc648d4a23eacaf6a8ae399,0,1
62,0886a1158ed98f3bc9b377e24a65ba42,0,1
63,089ba615768512f6cb28487a9f832ec4,1,0
64,09008a9c2e06b978bdffe3ca29beb6c2,0,1
65,091898c5354476668bced498a5514e24,0,1
66,0939c01db0fc092ba17f68e5677db071,0,33
67,09698eabfd8310b6db9e7ec34d6a76cc,1,0
68,09728f59e46f8d78d0e25b926d78e829,0,1
69,09837a860a8af5b6f0f9f6c6a44a60a6,0,1
70,0997368c7531b06b1850bcba86c9da68,0,2
71,09e42c13f0382f0713d6d7d48729d61f,7,2
72,0a1bfc6f3fd8e909c70cc8a460b0b321,1,5
73,0a3d1b6d05f827b9641edd78eda9c4e6,0,1
74,0a4269376a2db0d697a1e70c3307dc0e,0,4
75,0a46f6a13d701ad4e0b7c10cef9d718c,0,1
76,0a4d084b88e00652783d6098d3a1d725,0,5
77,0a5d4523a7fa9050d5f69fd7d26702e2,0,6
78,0a7e413cbd057d648e1add7fe6f23dd9,0,1
79,0ab1540b98d250e71567d7cd2add92b5,0,1
80,0ae260e607caf81c073d1dfc9dcf8fb1,1,0
81,0ae476b63f2f93c0018b622e35c3fdb4,0,1
82,0af957f01378f5a6d93c7f1024e7feb3,0,1
83,0b06ff17720ea4135503bba926e5fdf0,0,1
84,0b0bda09b34df3ee2a1a58f892ce8634,0,1
85,0b13349e980fb915fb274a2f24986f57,1,0
86,0b32508bcbfd8dc9c5a6bd83df95e732,0,1
87,0b3e7de4894b4db83c7e59bdccd30131,1,10
88,0b3f48ada69a3f6f6b5925d0c75bf93d,0,1
89,0b483e07ded7a6ea5312d52e072cdd26,0,2
90,0b566b8918004d5deccf2f5d275d9c4c,0,1
91,0b5dbf16df4b893413f69314376cdf4c,0,3
92,0b7fd08a0aa47a6d31358417a7462b5e,0,1
93,0b82b915b53de1154d73c4c7a5c8d75c,0,1
94,0ba7a5cee2e971363774729819699a01,0,1
95,0baeb55a29b2fedc8f995c5792998b44,0,1
96,0bb38ed9548900187f8c15f959d9c244,0,1
97,0bb5e101273b7327bd48395fad67c371,0,2
98,0bd9952c02cad8fed656b54cca963424,0,1
99,0bde421b3c748861919e94c15f634448,0,2
100,0be1a7dc590f805ba9937c86ef085f78,0,1
101,0bed6c118f399bf463d4d7e62354988e,0,2
102,0c1502503194e379e17735b564133964,0,2
103,0c1e1feac80af6289a4458aaa5f34e77,0,1
104,0c2e7d8f94893dd3f120bbdaa58628ce,0,1
105,0c35ae1103e9f0273dc5709c72a9a762,0,3
106,0c4821887c10d9d4e92ce3aa33097dc7,0,1
107,0c49afb2047f5e095d559ac74059e34a,0,1
108,0c4b9f8942406bd9c3ee98f7c82ecc51,1,0
109,0c4cfa1354b291bd5cfef03d8e9699e3,0,1
110,0c80899c836683d9f531055f8f1d6603,0,2
111,0c866614f762d01e356b658525f17868,0,2
112,0cac2ee8ace7afc905fc18f602858b56,0,2
113,0cb6a9a4c9951371b96a9ba63a37fb3e,0,2
114,0cbfe089faad609fad4e7f456c07b83a,0,1
115,0cf2de94fa82513580124b1013fd3160,0,1
116,0d0372fa41b27c8d0eda3e41ada2356f,0,1
117,0d04695b2c4d43552cab862c2c9804d7,0,2
118,0d1636404e2f5390e50bcdd2d7d5144c,0,1
119,0d2a749f67bc385030a7f56ab341527f,0,2
120,0d4613c726927ee1d1607c727a5c04ac,0,2
121,0d4b4804a92cedbc79c9a952971883fe,0,1
122,0d56f60e27488aea9f5effd1fca8f746,0,1
123,0d78ccd47fba5730961c3d6768930719,0,1
124,0da833af93c1037b35595cac2e08132a,0,1
125,0dbd5b817af4c25767002575b1606fe5,0,3
126,0dc694d6c16f99a42e8d55f32e924c11,0,1
127,0dd1bf4a352732c063f8e9d668a9dcbe,0,1
128,0dfa72386b0b2aac0daf282b1fead61b,0,1
129,0e1a0827cf1540e5a1eda42d653cbc9b,1,0
130,0e2605d238549ceb9ec31cb281c0973a,3,1
131,0e3513c161f9848acac9f80f621f7bb0,0,4
132,0e3687bbfb79e0afa22e8999550d0612,0,1
133,0e3e3939b50e6fd4905b37ac1577765b,1,0
134,0e3fbbf28c671f8ddf8d656f45047942,0,1
135,0e45424a008c6c2338b460b4dac8c175,0,2
136,0e4555fa41b6f9ba22caea50bdd563d6,0,1
137,0e5fc7d27a871e530a36bc69eb42d41f,0,1
138,0e6e94d15536da2f56b97914e1248eaa,0,1
139,0e80fd6fca855174bfb5f263b103025a,0,1
140,0edcef69c6148372e4aba566867c5485,0,1
141,0f26ca70279a31c56b1356e02273bc9d,0,1
142,0f30a529d3fb12de860a127aa98a9c22,1,0
143,0f51cc7caa1c351bb034f109e3bce235,0,1
144,0f60ae7e767c00067eaff7444d39b7b4,0,4
145,0f69302b1122895e0f43b992fc71e773,0,1
146,0f820ff775978209d6cf22fea268a9f1,0,2
147,0f92877e94fc1b3df234d45c262297e6,0,2
148,0f99b92ac51a731165d6ab6f7c370141,0,2
149,0fa8f63b19a049e26c7b257fc7c73433,0,1
150,0fa9efc18117ef8d60f52338fd647605,0,1
151,0fab52b63c41921e3a4b71e5d0b0de92,0,1
152,0fc06c6a7bcd7decfdce39c33e586390,4,5
153,1027c1c77d4baa5057fc9deac4dec5d4,0,2
154,1033f9dd9604aff9e38d525d8b81464c,0,1
155,104493640cef89812f06e04bfd01cce4,2,1
156,10460c3490ed59c73f87769d8563b211,0,3
157,1056f5ebef56089070b9f0c9f611f574,0,1
158,1081bbf18606530e67cc1b31a3cb0a1e,0,1
159,10add00c1ed07e3d223181a79b5d0e10,0,1
160,10e1b21d4afdd5ab74e9715a6e68e76b,0,2
161,10ff49b98e37fe19944644ce2dd90208,0,1
162,11403d892fd5efc2ea131ba670e6cd28,1,1
163,1178e31c374ac6399146747a7adb0af3,0,4
164,11a0b0321bee0813822f283cfccd1304,0,1
165,11e6b45e7ba42e8345b60178d0d05708,0,1
166,122262c1477f33e83bd9a3c1ea2696ee,0,2
167,1222e1d54d510dc4aacdf9427f6c5ba7,0,1
168,12267803ddfb67a2c6ff9b1b275c5312,0,2
169,123c0091dea4a5d636a375caba912477,0,1
170,124118fc309fff0cd453193f6cff9625,3,1
171,1255e05d69a82cbb31afb6e3d6d80976,0,2
172,12696496130786249d508b7c7ec6d867,0,1
173,128bae969b89f6d794120f9a15ba0528,0,1
174,129653930e04106746cdb6bf9ac7175a,0,1
175,12bd406a871b83fbd2a75484c71b4c79,0,3
176,12c881f5de35f08bb70fa01ef5c42ee9,0,2
177,12d4513a8b3157f8a2ab73e2a65b9d38,0,1
178,12d9428f450aa415d316e87596fcb8a8,1,1
179,1339bc4e968327a989c7a0673b2ef09f,0,2
180,1378f4948caf65e28215628d6d690d59,0,1
181,139f47aabba905c2d3c4198465f4a99d,0,1
182,139febd33824cd1a914ac7f927c4f3b0,0,1
183,13bb5677f0e404dcfa65e8bab665fa86,0,3
184,13bcb203351dd147fdcb881374609443,1,0
185,13d1ba0e5946a5c654579de06b648ef0,0,3
186,1420141dba82f27ccc03fc2efb1cac41,0,2
187,1433f3126ff31e7e05934f216bbb5604,0,1
188,143fb62d6af21d5c69b2842642a3b721,0,2
189,146a4873dd1f57cbf585e25b37b1579e,0,1
190,148f12cd1ae109cb905c45e611f8ec73,0,1
191,1496feafc20cd7a9026f7640b5ed6d91,1,0
192,14a1aafd94e207f53c3ffe382b35f853,0,3
193,14a721464979cc43df10aed359c15bf4,2,0
194,14afb047ab66bf7040a005a3e95ddf7a,0,1
195,14c5f5653332241fed52188549afe48c,0,3
196,14f2492ca74ee2f02cc1469e8d314fbe,0,1
197,151b82d82caf06f0e1e5099d3f162940,0,1
198,1576ab11fd52c23e6b74b7f7a527e18f,1,0
199,158e29e09ddb495d4bbf2e0a0670c5fa,0,1
200,15c9790ae18a6bac3989acced3d5defe,2,0
201,15ca798aae633e0036384cdd49556a2c,0,5
202,15d59d4ac4ae3c71f1920ba2c86f0892,3,35
203,15d818dfeb52514f7bbfb07854e08357,0,2
204,15e9d4fdc5d731e2c592fb6923a39ca0,0,1
205,163493b8c922a508263f12cb0de46811,0,1
206,16373129556231c6cbba12c9f821bc16,0,1
207,165b65b34bec73e1f11b80ef641d3eec,0,2
208,1682ace91184c98062ed597f877fd3b9,0,1
209,16da257420f37afb6149827b7f64f93e,0,1
210,16ed9dc33ba2a56c63a261fe56c45173,0,1
211,16f4879ee9d3d9190ef528ff1f432847,0,2
212,17137659a8be1308a77f565d8c41e2ac,0,1
213,1741e7d7d52c4ae5214bcd879cd066ed,0,1
214,1746108e4ed8abc3c940f9f36d916c25,2,0
215,1755808a38be270ab82032210ce31b0d,0,1
216,1761e1fd4d09cd0f71116db7f7570cab,0,4
217,176b0d8a561e5d6069b30e6efc99e4c2,0,1
218,17805c135b807cf17026d7578f975551,0,1
219,17a1decccad35740a81fcbe1a44c6661,3,3
220,17fbf9f92e4013e641b7a60b614ca14b,0,1
221,17fe8d5f22341b377f73863902c75ba0,0,1
222,18010b9b63a5bbfd961abd66bd0d3137,0,1
223,181679c568c67f57405ac6d4d40986cf,0,1
224,1839a70305272a8299e48cc7dbace4a3,0,1
225,186162576348b8c77252847f0f022681,0,1
226,186caeb9bbe5681864738141d2ee0f1c,1,0
227,18722bf53f51d2b836cfc871fcdc8ba7,0,1
228,18946fbcc15294cdcec08d7f19b817c9,0,1
229,18a022ae67979358c94a840a979a06d3,0,1
230,18b571265ddfd0b00b7572bdd91d2456,0,2
231,18bc289c488c5638357be482e8848fe5,0,1
232,18d08215c9cfc7d0054322f0e0f3322b,0,1
233,18d7308e176fe282a18a998ddd5504b4,0,1
234,18ea6b16b9443326d0e5d64b48c4bf87,0,1
235,1902e1cf35777f6e44104992f0396154,0,1
236,1903012306a044f42ca11788a5b7ae30,0,1
237,1905ed149788d4410a9670ced9b7e588,1,0
238,1925963a31e5fd6ad25e7835bcec2fdd,0,2
239,19585c9b8c2d3f0e2f3b52d23e1fa4f5,0,1
240,19695ccb6f04135409b71e3f42ce609f,0,1
241,19705d1b2e49db0d14ef55c58b2bbb8d,0,8
242,197481c1b0d6b870c3d54cc99b51697d,0,1
243,197f04c3a70ffebb8496896001525423,0,1
244,19c21d7f3430d11b88398bf14f40d9cd,0,1
245,19c299504fca1edcefce054ef724a366,0,2
246,19d320a64373e93fca4355194c80e9bd,2,0
247,19e8a12acad306b66d93d29ccd2e73ef,0,26
248,1a1c19f8e9e2bc5345edc4f159d5a12d,0,1
249,1a1e4c6710ee817f1345aaac33488c42,0,54
250,1a6ecf73080ff22e5e75b2d36bd9d88c,0,1
251,1a884bfaf7f0d5036b777b2ac73656fc,0,1
252,1a996481e4b6b1861065975b3387c6bf,0,2
253,1aae7591914cd60805dccf261f7d686c,0,5
254,1ad1638cf9c8d52fc5dc36558f0ea725,0,5
255,1ae257b25aa0211ab5da59909bdd7982,0,4
256,1ae3109b43f1d6c5cfa2b8fbad37671c,0,2
257,1ae3cd612dd475500dc995fdc64727ab,0,1
258,1afb4a4df54ba9786260baf320b4f3d8,0,1
259,1b3da6b8be6b7e64465492334a7c3530,11,11
260,1b956ce897497c328f6a918cc96aea49,0,1
261,1b98743448de74f79e155e8b4c16d17b,0,1
262,1b997a747c4163589da8c55674c721f5,0,2
263,1bb8150e2ea9f3dd8efb69a325dbdf64,0,1
264,1bb890f65f4e9b84637eaefed9105ac3,0,1
265,1bd0352e1edbb294e44b9697f11b967f,0,3
266,1be222f063542e8505b0553c0b048866,0,1
267,1be7776369c17b46f3aef5dcf93af6bd,0,2
268,1bea9c04530c5c174769f6bd09326ac8,0,1
269,1c405e9809596d049db88c37d2eadd82,0,1
270,1c438acaafaf43e47726c251b683991e,0,2
271,1c5a88af79e3d68a8f21dd8f8245d454,0,1
272,1c669b12d41b6a197df734f8813c0a95,0,1
273,1c6f1ea3836ab2ca6f350039a0081d7a,0,2
274,1c9bdefdd6c5cc65968187e884ec8d55,0,1
275,1cb43ef6beea1480cf2357a0ee303909,0,3
276,1cb8fa62d4173fedf8b511646c6d7f7f,0,1
277,1ce51d0781b955a360a4dbd33d36bb82,0,2
278,1d08efd4d448b107f1c100341d808465,0,1
279,1d4c030dc8a052ecee82bfe1a96acaa5,10,24
280,1d4d5b008aeb4d44079a5406ad0cda2a,0,1
281,1d9a15dd0560d4e73a28751504033330,0,1
282,1db00a66f85873f7daf10e6941bf82cc,0,1
283,1dd0e6937da253488bd8639adc25cc58,0,1
284,1de14970c6ea3420c7f21bea884aede3,0,3
285,1de3080bb988a00baf9ce71cf7e2558f,0,1
286,1dfc6cacfcb15b4caaa429292dfc6322,1,0
287,1e2f6e39733dfdce62042599887585d9,0,1
288,1e2fb3cc5d8f1d0bf4dddc0de5ca7705,0,1
289,1e345bf078fbdc5427cc2d0cade47253,0,1
290,1e3a56bcafefb119eab4517d29e269f9,0,1
291,1e415588e988ed86f69f65a75e49936a,1,7
292,1e4acb91b454cfced746189f16d9c786,0,4
293,1e5ec8dec0562e7185698d091f6530c2,0,3
294,1e7602f4254580c17e97fbf645f3ab23,0,1
295,1e9197a5b30f41de795e86f469b014c9,0,1
296,1e9dd94b4fd3c664f277ac1e4ca0cb92,0,1
297,1ebec390110a744bccabf4549f51ec0e,0,2
298,1f3a306b05acd703f05df6050473493c,0,1
299,1f6b1ab07944c15a8d39f1c1c6702a22,0,1
300,1f77f941ef394cfa4ff338cd13f95a8b,0,1
301,1fb9a54ca32c74e2e0208a63753008df,1,2
302,1fdf3a78c78185f45fe46cce568ecfaf,0,1
303,1fe1549af5fc50193dc9b6bef90c0ccf,0,1
304,1ff3924ce7ee7027bea6e50f6a24a20a,0,1
305,201722a84fcae75c62ad33fd1467ab3e,0,1
306,2017701dbe14b03e2b5f219f5b17ef4f,0,4
307,201c6c3264d6bc98eff778c24aad3f0d,0,1
308,20503a96d3fe62c4ed424dffb9caa99c,0,1
309,208716da8bd5b79ae47768944f8af8e0,0,1
310,209bcfb41f9b52899c9349ac9e0a2e58,0,2
311,20c649657be698110aedfcf32bcf5c83,0,3
312,2114d4b68535cf315eae30aa13dad842,0,1
313,2134ac11212afe09e089e5cfc68976c2,0,2
314,2137ca6554c84a5ceef76431239ccc4e,1,20
315,2142b5696a50f9c178a00467f488aa96,0,1
316,21604140a1695054168e39e28dc05355,0,1
317,21c89e2e78d4633ba8d171e58ddc20c7,0,1
318,21eec9b7f9ff80fb44372b1fe1692539,0,4
319,223439e0d8b420a96edf99643cd51c4b,0,1
320,2235c535c2fe25acc22465a8a42598db,0,1
321,2283dceac3e1e35ca9b999d729324a06,0,1
322,228962aedc015bbf0a33476de1061f1a,0,1
323,229643a492291a05e193d3d7f8955e76,0,3
324,229af6f47314edb36fe6e43199843439,0,1
325,22b17d881f9dcfb3726253fb14d8dc9b,1,0
326,22ce7c299d4bb3452a90694e60290572,0,2
327,22cfbf0487628668157d0a3384ea2fc2,0,2
328,22d88a7654c3764ef91a08a7535ae5d1,0,1
329,22ef3733464802f79bb4ee4135c8c936,0,1
330,2337ead6e548beb08cd563319e960b99,0,1
331,234469c10306671dd47743aa92154d73,0,2
332,2357d329e502d147dbdfa51c8cf9130d,0,1
333,235b84b68b78a0480c47dbe2b19c80ed,0,4
334,23663b08c1b5cfc254c361c4dd27aa32,0,1
335,2379456d3af8cbe812c46dcbbdd048ef,3,1
336,237fc64a25fb739e28f9f3ea1cedcc65,1,14
337,2390dbf9c4b687d41fb6c6ba38eb23ca,0,2
338,23a92a9479f05c2dd7be626810e73d2f,0,1
339,23c066c84e8e1c7b095ae1a072fd9237,0,1
340,23cbe7a3f557bdda82d90c03d5ebbf64,0,4
341,23d9effa0e53de8685390e5aeb4eaf38,0,5
342,23fbe7c178712fe059acf467f6694d76,2,3
343,24197e14f78b5fa6ee43d1d0844ef055,0,3
344,244d4d4556db673d6e3e421421c7287b,7,2
345,244fe0ac8ca35b4f54008007b8f22503,0,1
346,245439d3ffbdf9239058d9f0bd87c886,0,5
347,248b3e22e31f61e113afe4a02c192be3,0,2
348,249cb969072f5e940df6083521d7507e,0,1
349,24cdafdae844f50d99de0b6b392affa3,1,3
350,24e12bf123c0b16f1e4842661c5e8043,0,1
351,24efe0bf838a24af1684175fb37bbaa2,0,2
352,24fdb9fa8d0d97826f1fdec78bc7effe,0,1
353,2507d742583c6560b7c9dcae67e9c5ee,0,2
354,2535129648b497dba746ec885b3baa35,0,1
355,253e74a8066f7bd8282038ac39887e17,0,1
356,2547fa9af45566017dada9051ccaad7d,0,1
357,25699764834a4688e5eefb59e171ae2b,0,1
358,257d5a3014695b8940babd0013361693,0,2
359,258a1ac16e82607c75f00730446e5bd0,0,1
360,259c1c2ffe984f58aa6c9c0e21d86432,0,1
361,25ab7476cd09e500768e633f4eefe21a,0,2
362,25b57eca9fbb8d5ab7b028397fa55068,0,1
363,25d35ffdc1da935d1781ae916a1e2946,0,1
364,25faeced681ac87ecace4c5630b16f8e,0,3
365,260345704c5b08e7fc4993e667ebfcb6,0,1
366,261567c48328160d3fdc1a49a193c79d,0,1
367,264457d40cd6d81069bd9ea671a79bca,0,1
368,2685d76912c00a3548a4383044010f17,1,2
369,26ace0c2304313529340b3f7cdea0dfd,0,5
370,26cee3244bd1c2bdc6a9d4520a4de276,0,1
371,2700dfcdf80a97fb7e87dcfd670e285e,0,1
372,270877576647dac25e6db0afebde6151,0,1
373,2716c5a3659bf684a849563f07e7603d,0,1
374,2719f983b325b30096f7be69df02d411,0,1
375,2726bffb4a471a4501857fdc530d8f8f,0,1
376,274602384a3034c9b0b9f3643dbcd063,0,4
377,274697021801a96428fe622fdde7b243,0,1
378,27495e555b2e814c6bf31e7362e4ff6b,10,23
379,2759ac565e8c902a067ae7d32c2c1ebf,0,1
380,276e989b99ace6483c249b4f116d4b09,0,4
381,27a45b4a3741ea9fa5d5d454141ea35d,0,1
382,27bf35b775c181fa9328cb6f45909362,0,1
383,27c5c8866c1638a3286f9174a349104b,0,3
384,27e0e11c096ca84779ff920c692e7ff0,0,3
385,27f8fb268f90d302b2263e3e2d4c94d0,0,2
386,28139bc4ad8e599d2b27672fd292cdfb,1,4
387,285fddc28dfe6be942e5321c628d7f9b,2,0
388,286f1f2c86630c9150c2ad17533cbad1,0,1
389,2923d25623c0283f2002e200e2603bbf,0,2
390,292a7dfe5bbabb0694f97fb92c2f47ec,0,1
391,29591d615ff81c3e558156582a7780ed,0,3
392,29b03cfd2079e26498042c8bb13a7ce1,0,1
393,29b15103bee002d35583d0ee19d39ac5,0,1
394,29d0ef717e20a7cb692d8ee60654f61b,0,1
395,29f02cc609c5fd62042f05655de3f88f,0,4
396,2a361f951b35e372b9779ce766956bf2,0,1
397,2a5222c5ae4ace31a8003706cb4a538b,0,1
398,2a566b6a6c3e7850f25591985b6506a0,0,4
399,2a6e9fdc2f39dac68824ed00d5e1a2b0,0,4
400,2a71b6ed59859203882e97231d09e0ef,0,1
401,2a743b6594b264501d32ff762a826c80,0,1
402,2a86af339b2c8b8fe9e24086cfb757a8,0,2
403,2b2dcfa05e9fb9b2d975365c5f6a0fb8,3,3
404,2b36c3cf73e60bd4078590ab113d5bbe,0,1
405,2b52991e488caef9278065a16c173b07,0,2
406,2b66ff776ead6dc94d66515fecfd0a6b,0,1
407,2b81d214e1cdd5ca94aa5a0896de475f,0,1
408,2b9ecc0ec093b229a881f55f8879499f,0,13
409,2bb148a10859b336b42ceb14f28a4faa,0,1
410,2bf2cd9ea4829bffc98ec2e8fe99efc1,0,4
411,2c0b550ba2f14d84e3189e6c1634e1cc,0,1
412,2c4d9c3eb847b0d998c13fea36ae03ca,1,1
413,2c5e102e87d27bb035ee3a6765fc8965,0,1
414,2c7a2f0348c98168386040e498ddd10b,1,0
415,2c8975ead0e7cff53bd77b8cc4bf3086,0,1
416,2c9093ac801aaa4d6fe4338912e03e38,0,1
417,2cabc40e59c56c5469fbad271e5b3762,0,1
418,2caec24154dbc299d83b405a43902258,0,1
419,2cd8dcefdc2dab82049d9231aeff0d5d,0,1
420,2cdcfb7e9c16f288020f07308e159ff0,3,1
421,2d02a4cc21df2163e3af442913e213d7,0,2
422,2d0cc937b83ad6a7b1857175c44bad6e,0,1
423,2d0ead4543563711472246f53f414750,0,1
424,2da786e8b7deb6ef0d1eebcb26364e65,0,1
425,2da956f9ca17720f6e3aad96dc55008c,0,1
426,2dc4615f0ccfa8006c3d8e81bb612dad,0,5
427,2dda2d43c08df6afa465fab4a788bc89,0,1
428,2de763f573b8d0499b935f4f4c8e17d2,0,3
429,2de7b9a28ad72f17fce91b922f6ce69f,0,12
430,2e2f7bcf709e85fb6c375f64b4e944b1,0,1
431,2e3a8b1d24af50a90fe848462446e166,0,1
432,2e67be9b19c8ad2a19298f8f25acddf2,0,1
433,2ebcdc264d071a3c20d527bb351640bc,0,4
434,2ed288d4bcff6043842fc6c0f345b51a,0,1
435,2edaad474e193f1d7950d57d44edd2d7,0,1
436,2f145f68a984a0eea0da959aac946449,0,1
437,2f3781896440e1d3b0cafa9f23625226,1,1
438,2f72f8edf07f2a2280b1b6812c0bca9d,0,1
439,2f9b0556fc86078fb9bab2a4a1a3fbda,0,1
440,2fa56ca12b545e7e51bc81e20699ceb6,2,0
441,2fcb2188710cd68fe5c29c02b97cedb2,0,3
442,2fdcf527d97005bd080f5e5616e146ee,0,1
443,3023f6d9df6e6607ce46c165881191ac,0,1
444,30246599a3122ca780a45f42d16583ca,0,1
445,3029b4e73f95d85c98fcbc5fdf34c95e,0,1
446,303ebd0a0944c7ab9386491007ae92e8,0,1
447,305de88e65c12b2881142715a11769da,0,1
448,306d7d500938145896f5422151336549,0,1
449,30acd0c2a0a7ba0f0cd0d343241b47ce,0,1
450,30b42bf13db94578a5adb7b642b1ac25,0,16
451,30e1a06eb91c6d74dcf4483eb4c901df,3,2
452,31053958ffb487b2d53a7438a3b11db1,0,2
453,31154b128e987f0c49782b255d8c8a25,0,1
454,311d15f697f5f91146697cab66300d05,0,2
455,312a78073f85cde2696fbce68227f1d2,0,1
456,31a0945a49edf34ca94c3036bd93c0ec,0,4
457,31af5b2e27b094c79e96b6b3f5e3cc59,0,3
458,31afc25523922520b9c74d25fc9271e0,0,6
459,31ce7ed6fdd8517c8aa22ad22fe02d3d,0,1
460,32008a2ae4960492a963e5c81e264f0b,0,1
461,32a8216ec3f9391c7a5eb2cbd09ac316,0,1
462,32bae807cc0f46fd50c60013f326b01b,0,1
463,32bc0c08c18323bb980cc3497bbaa367,0,1
464,32e4093bfe257f76f18cc0bdd878c624,0,1
465,32e4889b6a5ec8542d7206c2b206e0a5,0,1
466,331b2f8c18d6463fc376da946c9b0b3f,5,0
467,338c7b99f6cf93190cf2eeab49040fb7,0,1
468,33930561d0d2128faf51fa9ab33b7c8f,0,1
469,339947e14a4bba738126b6e6636752b4,1,0
470,33bf6d01937ef438a3d63d82a7115c11,0,3
471,33c45003eaff64c8bc96c6608edc94c8,0,1
472,33d428acbba74a5df7c5cd1a61b1b367,0,1
473,33f739ab107181adcc1f80bf6ce2e89d,0,2
474,33f8c9ddd9dc2815b7bfac0e5e5d0c14,0,1
475,340132e45934d74d2a5dfa5d5dd50ac4,0,7
476,34093882285bcab0c9e6327636975333,0,1
477,340ea823f8f38e913528e417a9c6149e,0,1
478,3442530aefc5c7bf7cfbb172a839a26e,2,15
479,345996d47c5d4e8cfc9c4cafe045e30b,1,0
480,347e8f62e26228ed7bad19d281dd034d,0,1
481,34aff02b6d13c094398fbfdd2b5e51a9,1,2
482,34bfd57833063200f50e38d83066fbb2,0,1
483,34d4abdba6174c323e9da8e361863549,0,1
484,34d5a6330d6f2dbd1710e657f1fbf2f8,8,2
485,34e4da0de1ccee7b8b0420925b533882,0,1
486,34ec4c5f4bc594ef7fc5bdeadace1516,0,1
487,34ecf86d369489118559027a13945cff,0,1
488,3529044245c4e5ce8f4dbae6c61d7ed2,0,1
489,355acccde5613c7126cfb35d6884ff94,0,3
490,355cd374c4b0d9f519c8d1c32977961d,0,2
491,357086bab3dd9ea46bc75c35f8941cb0,1,2
492,358d07dd5a3443a5b7b9b50cd435aaa5,2,8
493,35a59394b1d68e5821843eb59dc0d350,0,6
494,35a5a6a54b271f7a7172ca88816e9e00,0,1
495,35b169eacecbef852863ff6cc5418b73,0,1
496,35d71bb1797b0e19fb5b9135b45fb8ce,0,1
497,35dc258a4e95b9fb2ddfc96249f92ea6,1,1
498,362e37c6e95f6ef7ec0bb74df74c796d,0,2
499,3635afbf8ba23c4faacc36ace9f67162,0,2
500,3659467b5fbd03936035f78d2b5ee645,0,2
501,367d13e52655ea6495c1f047febb5647,86,18
502,367f1f00a3a1a409a328f95317055c11,0,1
503,36a54a4f77c8e89a9cb69f0af8d207fd,0,1
504,36bea2f80fd8576c36fe4eb5c9b45485,1,3
505,36c7766b568ac6348a723e200299bc98,0,1
506,36e34f96554912fd3d76bbdfa96f8755,0,2
507,36e5304edabc68160a9c5ab709723aaf,0,2
508,3707af56090a9c0365a57aa92aa98fc8,0,5
509,37104e14cc5e5caf3375e7fe6385eafc,0,1
510,371a9a9c5b8040ff988589e1cf01f771,0,2
511,3727a75b82531ad171717a8ae220acc5,0,2
512,373958614ca3fb89face6cd271f38e68,0,1
513,3747e4df74c6b1da14ca5cc430edf356,0,1
514,375b5d39d85a27a0d1d83c8e093a2d82,0,1
515,375f252655b2a7c681cc77b4b5ef7077,0,1
516,37629e78f15607f028f9677d22ed3651,0,3
517,3788dca315ee925d9e97b3d166062b3b,0,1
518,37a39f7aeef157a00906d9d63e052098,0,2
519,37aca449e7ac7e18b61bae6d48840a13,3,1
520,37f7802f0b069d7f1147508df4f2674c,0,6
521,37f903a4ffa211b8b5067a9d3885fcb3,0,4
522,37fc54ec4770b6234fa6894fb223cb1d,0,3
523,38113dcdb3d945474bb13433fc991f43,0,7
524,3841d243848486d85911f86bdcd2843b,0,1
525,384363d0aa970034bc7b3b4308cdf738,0,1
526,38cdac4c8101c16ecd0c98b64c7cd4bc,0,1
527,38d25c8516c1ea1695944c67bd73fdea,0,3
528,3938415a2f00274ea0fe39747a45c993,0,1
529,393d9199529adbce2c64ecb880fb4803,0,1
530,39634307878386cc82112ab4792be65b,0,1
531,39bd623ee5352f0a67349a4aad832207,0,1
532,39c3de8d62b9ab0202068ed55de1906d,0,1
533,39c749c4fc28b1c3d71758647ce71d48,0,1
534,3a077af40d3514d2c77d0ec650d86257,0,2
535,3a137fcd9aed8f223d277059e9e25233,0,1
536,3a375382166f891d93ef23b29c83ff3a,0,1
537,3a39736b4d28c61463fb8aadfa97284c,0,1
538,3a4736b8b15a21d4397e5fb2ab7306b3,0,1
539,3a61c272750686bdc31227643b27b057,3,1
540,3ab50c8b5b54b404d1d3eba53cf5fac5,0,1
541,3ac70afe3bf27433916c73af8e408b6a,1,6
542,3ad62a0ec0acc836e499ad267f399b04,0,2
543,3aea5735902b8bbca512b63c1142f7c2,0,1
544,3af55573eb770bb441e365dfc4267b00,0,1
545,3af7bb64aba72cf6c6c4c814e0f26c48,0,1
546,3afc180a5ee4072465cb4225b15434d5,1,0
547,3b2a317df3b9e88f8d06c4d9dba2f0a5,0,4
548,3b5e4673c3b7176d484a84693e6e068d,0,1
549,3b641cc9919ea7b7910c6ab9dc309602,0,1
550,3b854325479afdfa5ff9669980744604,0,7
551,3ba403af63d7e126dc90b7a4cb2090f0,0,2
552,3bcae2d2118c2343d446ddcb024d7caa,0,1
553,3bf26ed2422f0e59c367fd643f8c3eda,0,1
554,3c108c6f7be44b6204cce5576f6c5a75,0,1
555,3c1f3f06d9f6a2593388cbedac04a2d1,0,1
556,3c2fb9be612c8195e954496953ce72d9,0,1
557,3c41ac7d7d7163aeff82c1f95d9e35ca,0,1
558,3c5dff82fbbc6e80d2d3f1749814a1ec,2,0
559,3c6dc7ab04f60af79f4e76a9008051eb,0,1
560,3c78e5e4747225a3b10aaebb42077fb0,1,0
561,3c82f63906a1a197a64b5a20a2bcbf3b,1,0
562,3c8f7f7770bf7eab124db95a8be1827f,0,1
563,3c91b57edaed0d60d67e52930f410b54,0,2
564,3cb076e2a737e3d09413d4b6c841852e,0,1
565,3cb34a9143e0bc4e3ea32e3121ddb96a,0,2
566,3cc21a33d2fc446df3cda70e12c32fd9,0,1
567,3d27081a4a2087fafb90e0314db5251f,0,1
568,3d32eeec314b33de78bde0a292bff764,1,0
569,3d55deb180fe6e5aa0d0f81486e48193,0,1
570,3d8937fcdf1549b11a6ef166cf326ac5,0,1
571,3d9cedf5948afa87feb627f3511a0090,0,1
572,3da21c3ff4295a494132147b933d3777,0,2
573,3daadf2fc34e3616eb92a4e87c4b40c5,0,2
574,3dd52f73d68b47483f69f5520bf36cdc,1,0
575,3dd774a985bab13a524659f4b7ad022f,0,1
576,3e03d54a5cf75017b469af639a15a840,1,0
577,3e08b78e1577376f76cae4cce47d7828,0,1
578,3e0f32a88ce1c813576fbf6956ca21a0,0,2
579,3e1b95ab9b27e3b53463aa4e44d5a7ef,0,1
580,3e3c44136f2fa6ce0e46d27367b16fa3,0,1
581,3e435b2e878794c9db6af31af3eb7c49,0,1
582,3e5b3f0bc2c4242fc0742c2d4c6031bd,0,6
583,3e60a3a72899420121b4f36ca119dd8b,0,1
584,3e72c376641dc514f714c06a059b8617,0,2
585,3ea1ca264fa9e9b05a1096d524b2eeee,0,1
586,3eb811b8295e36f266d8fb48a55a6760,0,1
587,3ebe57e0de1ce83584792878984d754a,0,1
588,3ec2aa72bdc7eaa2c39059a0bf4b2cf9,0,3
589,3ecb33209a1cfed3618cbf1aefbc73f1,0,1
590,3f6a53cd922b4194a5c43608b21f9599,3,0
591,3f755041e0f473fa7ae2b2fdbb454a27,0,1
592,3f873c3e69af40823a7daf031b8c230a,0,1
593,3fc5b433b43329ec9aaaddb001aa899d,0,3
594,3fd04471e0f4dca7caf0a305e57afd76,1,3
595,3ff038a890cdcbd4248fcceb0a83947b,0,2
596,400cb596a7053108e195be1a8e89fd1f,0,4
597,404522fdb408cdbe2f728490ef06e498,0,2
598,4079c95f6b5783ca7c0fe206de8c6fdb,0,2
599,40963f4e0bcc17e92ad783bd5b4c9a9f,0,1
600,409f51d2cd6fe2ee81a0dcf202a2f2ae,0,1
601,40b97acee03f98cf46748496bc45f1c7,0,1
602,40c617fa8061d5c519b90cb1bc15d461,0,3
603,40f1fec676695eac63f480215a4e1df3,0,1
604,41074a5e85c998a3e9acc81e64a78b2a,0,1
605,412dfb6e60f8d806201a60e2bf543e64,0,2
606,413e1c79f7f799c6a5a2eb82b05f64e0,0,1
607,41485b1733a96adefbea849964aa5834,0,1
608,418e35fd13780159da757debb605f408,0,2
609,419526f75d38b0d8a6e4f79bba6ccaa8,0,1
610,41abc4f16f4f4cf3e3f8fc41a93732ce,1,0
611,41c905fe264224c24e8f6f6cfe388c95,1,1
612,41f4307e0093a25f4d47e8b10b9b3fc8,0,1
613,4210187342ef828d1f934821d6aae84f,0,1
614,4216480f31d96445cb8077b652226ade,0,1
615,4220614292cc50fcccfa52f4b4deb50a,0,1
616,423c8eab0859e74b982a5d39238fe85d,0,1
617,4248fc53088750310190a800ac9aa734,0,1
618,424c5da068cf9a00b23259f7f29107a1,0,2
619,4266a728fabd8948e9b8b3f52781b2d2,1,1
620,42732da17dffe1f799888b50a045e68a,0,1
621,427e2e34a2fb5ce61583a52c86c682d1,1,1
622,427fd8e911b7b3f7eb9017714b8a3a27,0,1
623,428af9f034c703dd61fdcaedfc5562d4,0,1
624,428d1a40b9fb056fef6b9cdbb8f98754,0,6
625,42cd64ebb9751b5bed4e207147b10847,0,1
626,42d67836803c715d435d261d81b77bce,0,1
627,43323e8dd644d60e564b0c736d0a0c21,0,2
628,433fedddc2a58144ac13754937efbbc8,0,2
629,43560d20e482928f32bd4214e2ceff6c,1,5
630,43898670f2ad25bb1004e3e25ae5ad22,0,1
631,438afb0efb66ca31818de59b68b64c59,0,1
632,43adac706411132c72b269bfcaf3951b,0,1
633,43c1b6793ed902da6f6bed2926dcacd8,0,6
634,43eedef2796428b555fd729f448d704b,0,1
635,4405d6b59a98ee0893e6a8b0dc5f1c69,2,0
636,443a9dc80d0f90bc9c0590bcfadd8d9b,0,1
637,444414e5d46c94995499f2c7e55a35fd,0,3
638,444fa3b6a5fb6630e154c306d1f04be4,1,0
639,4459655c19a3e84d055325e747ec8e17,0,1
640,445fc03b8b16a64da5236c6ca25a2a16,0,1
641,44850f5d09af23e308b06899974d8dd4,0,1
642,44b64517bf628e1f39b7855e50c817fe,0,1
643,44b875d37387b6d2b20fb44acfc5e848,0,1
644,44eed8fc10a4dcd7962e92d9b51ca69c,0,1
645,4500321b5c86a38a056524a448eb7ac3,0,2
646,4529799428347720fbe225e4a12948d5,0,1
647,453620fc7f8628961a5bb4a3795083d0,0,1
648,453ecfbff155ef54c4c52f4b0840a043,1,0
649,4542ceb6fd5b2ee7c062660cb7b0beea,0,1
650,4542ebbb9fb3dc23ccbb58d3622ddb68,0,1
651,457c205124d3b6887eeddc0d182bfe75,0,4
652,457e9291589ba36bb3bf0c9d0a6c5db6,0,2
653,45ae9f46f0a59d9a406252b5987bfea1,0,2
654,45cc0fd4d1ac0f2ceb1e727346196f5e,0,2
655,45ce6cea11523e4e0f240d23afc60b15,0,1
656,45e118e30fdd00bb38842e52ed3b9853,4,0
657,45f9570ff902e1a0a100c7d36bd2402a,0,13
658,45fd5f42900d4de24fa9fc673fd5d36f,0,6
659,460df290832b3d5e2cc57bce20524e49,0,1
660,461835ba0dfdc6785354cc4a265d3fa7,0,1
661,4629568cab7725570c6c3581d1878fd1,0,1
662,469ffc444839ce67e1e132880c4bd0dd,0,1
663,46a53bc1151c57ae949d668233a585be,0,3
664,46a970a5e49b611c951d01d8e62f42b1,0,1
665,46f5579584ad0bd62b56fd9e584bae13,0,1
666,47078e313e73f22db3f37406a7e77054,0,1
667,470bfe0c031c78fc4e5ac2ab2fc86786,0,1
668,4710e9e316e4b7457bd43c47e99b1f73,0,2
669,4728b5fdde9ecdac8a0c1b77c33c913c,0,2
670,476684bbcfe604a241d2ebb5d12fca81,0,2
671,47686e385e3206e8a91f6eda1fa0c16c,0,1
672,476f29c3085785bbeda45369ffb6475c,0,1
673,47bce096406638d5c8891a74d75f43e1,0,3
674,47be3230942a4c530692d342409a00e8,0,3
675,47dd3bfcf11a3dc5d7f7ed7ed0735b36,0,1
676,483c7d3dd23a2e8b5835010e3557e3f4,0,2
677,48559ee966e33409cb669c3847ad48bf,1,1
678,486118f54e568994f7b8f9aa252a8762,0,1
679,486d366351af570963860c310ed8d43b,0,1
680,488fb9cd6228588b30a6f7ffb384396e,0,3
681,4896d86df2224f932e67fd57f98e6408,0,3
682,48f8b82bbe95f7d0fd152b612f54a718,0,1
683,4908bd8f6fd97e5894a861f60a18d9ae,0,1
684,490c839e7321214d4bacff2e03a510a6,0,4
685,49430f96b8915390e761d8ce1baf283a,1,0
686,4974c1541a8280e30fa0534c97763d4e,0,6
687,49948bb5f1671dd9297fa0b85fef1ccb,0,1
688,49960b1088fb28b8a7e51923daebbda1,0,1
689,4998390f987bd330df7310afc5e21766,0,1
690,49d6b7f2b4363a8451c649616c99bd92,0,1
691,4a01c632750b0f24cc7c7154a658fd97,4,1
692,4a022cb15b3161bcf624aee5dda29471,0,6
693,4a1f1f48f63aff80c75422526ec572d3,0,2
694,4a33f9655d63a84b8b78879ba90162f7,0,1
695,4a532cc0e33dc4ea441679914462911b,0,1
696,4a58e2191646fb1ef2fd4cf0e0425c1e,1,0
697,4a76fbbd5e5712e813683e55de07947f,0,1
698,4ab0cff1884099c63b458902ee1c5073,0,3
699,4ac884d7cbfc030c66c7531439cbc1a4,0,2
700,4ad681e3c288be6b13c8d18fe5a78174,0,1
701,4ae0b49e921187703fcf31c77c7bce2f,0,1
702,4ae8d2874663f857f2dc2172adc1333d,0,1
703,4aeb308fff3fdb0ac9866da7cf51a665,0,1
704,4aef7bb038d39256ba68b7f8218610b1,0,1
705,4af55ccf5aa6d1860409369a816a3681,0,2
706,4b0af9ade4e9bc62a4885e7a2c634b02,0,2
707,4b1588f41141c64f6bd76b257ce4202c,0,1
708,4b38a53c96071e333ac1cbdc350384c4,0,1
709,4b81bdfda0a07a0b350ba48cb6845cd5,0,6
710,4ba9f862d6342e06be70e7ca51c437ff,0,1
711,4bbdd6bbc4daa76bb0c88ca9f9aae6d8,1,8
712,4bc5adcdde632af460f494d60c5c6fee,0,2
713,4c0f10a989ca9db2bcc69d918605d996,0,1
714,4c2e816219705f829a5d045f291b1814,0,1
715,4c404edabbb5d4d42aeb257530eaa24c,0,4
716,4c4a72e55d6c1d8ccae0d8d1bd88a71c,0,1
717,4c51fb9f9bee3cac503675815561f867,0,4
718,4c56ed19a0fe9c6546305de83d76ff66,0,2
719,4c6d5b8fb55efa62bb2fbacd669eb186,0,1
720,4c7d34bba354c9d50ae65ebd9421672b,0,1
721,4ccf9ee3928d9207295416aaaeda345f,0,4
722,4d0084aaec6a1d1cf0179f81c9126415,0,3
723,4d194edb37164a0c81539af398f78d4b,0,1
724,4d58f55daeaf4fb3a5f71ed32a2ede44,0,1
725,4d70918722da61c2dab2b376cae638a1,0,2
726,4d7e2e7b9fc26b322f3c7bddd7bc79c7,0,4
727,4d8c2cd9f99915c82770e34769c38841,0,1
728,4d997ff75750ab9b41a51bb3ad1a467c,0,5
729,4d9b8da36a9c834f168dba9646586df3,0,1
730,4dad51b9d8df1d3a1ae7ae88b4e4f3af,0,1
731,4dd03c81218540562f692a5555311009,0,1
732,4dd778d511364f034719775dd97a9425,0,2
733,4dfa88ec9bbdc310d95c9a23837c9eff,0,1
734,4e003cc3c0320c402708513cf1090878,3,0
735,4e3558b38e9a964a7e8a2b5f310a7328,1,2
736,4e40723bb30a0108dae5a3941763cf48,0,3
737,4e5961814f9a6194a755a7d7296af6cc,0,1
738,4e725c5d0002035de58c1d19753e2827,0,1
739,4e928aba77b078ed018522786f645b68,0,1
740,4efa23fe1b27fc76b2920519614b8bf4,0,2
741,4f01b2be146320058a42351ffd242f03,0,1
742,4f0c6d88d65284dc954d646ac0779d62,1,0
743,4f434c47930ec39dde5266238eddcb31,0,1
744,4f6649a5b468de7065afad0ae13ed994,0,7
745,4f6d085f59d190a538849c26985b4788,0,1
746,4fb4e9e589ab215eec6905e68be95b09,0,1
747,4fbabd148e3f90a6c36c47a2c65cd0de,0,1
748,4fc60c7a8e539b33b633fa9d5304e0d3,0,2
749,4fd23a2e9bf9814fa556d6ba333661ac,0,1
750,4fdb67f05177f5e9477c0a3096c2a1ed,0,1
751,501ae15db78466ec7d1d887b1853dbd6,0,2
752,502ec1814fad852b7a31e0d95797e98b,0,1
753,507abcb707af0d765b0ab5216fa382f3,21,9
754,5087928ca9b25dd87eec2e5532df7867,0,5
755,508980d528ed7aef8bc55c05ab3e63be,0,1
756,5092c343e58c17933d384c43109ca13f,0,3
757,50a1c5d9c12a2d4a78668f0091cd8d26,0,1
758,50cad47f0a67f85a01459164784dac55,0,2
759,50f9ba8aec3d2947a370671b7bd4d351,0,1
760,512ee20ad09a5e7223b4d8f87a67e4a8,1,2
761,515715a7e9f6fbbd1d7822c05d3ead70,0,5
762,5186b01c0a584632cdc8cdafc58a2b00,0,2
763,518db5caff5aa9119354f16dca1ada6d,0,1
764,5190ea1f22b780aed7db759ae8d162e7,0,2
765,5191f3492f626e8c43d35cb935bc0394,0,1
766,51995ee3b68a2c83a469de912cef9dbf,0,1
767,51d276551c9442d7920295117fbde8b3,0,2
768,51f163079becfe091b1699b1c82c66fe,0,2
769,51f7257e79172cfdd876afbda9de0991,1,1
770,5217e8e9dab4661444e9b6db51085795,0,2
771,5218d9c4aec3a0d39706bb2c33c86870,0,1
772,522d8d916bebe0a52bacdbe3ccaa2ce7,1,1
773,525300ad9685e915ec894ca5ab061777,0,2
774,525a362c23daed82cce186a6946ff992,1,2
775,5286585add2b3012e263f88b3fb69c64,0,1
776,528c1c80d21cd6d9c916e0fc4a3347b5,0,1
777,52ad4b8b4210ee3654bfc34640634479,0,1
778,52b874a40d554ee3fcd62683e3843df0,0,1
779,52ce91c58a5e0fefd9760b80f44f0f3e,0,2
780,52d17f3cd977489d113f94b338205217,4,0
781,52d52614ab491f8c5192d2f60db78493,0,1
782,530c801b828cf4fde11abfcf30649e85,0,1
783,5312f5977b6a79fe5f46cbc845b5723b,0,2
784,531b7b628d6a151ca9d52f5992743f37,0,1
785,53227db177fadf038fb47f90e5654bae,0,1
786,53371db7fff48642fcf29e9549e84451,0,1
787,5361bb5023d11dd001ce95a74794265d,0,1
788,5380fb13e5adac02a92520ab0b475a01,0,6
789,53acd9b79b2d0e8279905b872934a494,2,1
790,53ba40fb1d2b26828480604bc2223bf6,0,1
791,53d15752ead45503f9addd083f2eac64,0,2
792,53dd0ec343510b9cad89b114be0ae135,0,1
793,53e8ac26a2fcd8e20c50688ee6d06b15,0,1
794,53eae06c2c370c7039d7928dcba53c80,0,1
795,5409462f80a07fe06234aa9e02999466,0,1
796,5414918357b154e57da1b6052fc0d919,5,3
797,5448f7b01d2b6c2e7e008148fb21c7cc,0,2
798,5450794f131996cbc83d646598a048a3,1,9
799,54d43a85451df3afd6cddcca36e540d1,0,1
800,54e3336499c7bf1d3e69a914cd1ec46a,0,1
801,54eddcb2bbfb9eeaad447623961b5af7,0,4
802,55064cace58c41ea82faf00d241407bc,0,5
803,55091b02d8eb9a88dca53a769bfc2c39,0,1
804,550cc15101a7a4db13835056ef575239,0,4
805,551236b041f5fea3a1c5dd2a076946fa,0,1
806,551967019368ae44f7d3854187c1f981,0,2
807,553a221737cf45a5632d040481320c7f,1,0
808,5545762bfa59af9c2783c5c69fff37ff,0,1
809,559dc87cf004d596ca430a495576379a,0,1
810,55ace2e408a45f8d52e0c9bf676c07d1,0,2
811,55f63cfa616d0cfe5536372db1b526d9,0,1
812,563b5815790f2291372083b74089c60d,0,1
813,564291e6793a2d67d55d48fb1b3e1df9,0,1
814,565373ea0dc0e4a84a000e86c1fd2604,0,1
815,5659118b695a7089e8a843c3335f3b4b,1,0
816,566758c8e549fcc9c192a89eed87b03c,0,3
817,566a732bb1cce378bb678e8c1c379ddb,0,1
818,568e3fbd1ad51de1bc44a863b66a56f5,0,1
819,569a6cb025f75e3b9f0ea7bfecb800d0,0,1
820,56a377cfe53ad431425427650804d7ae,0,1
821,56b71d82f0238e8fcd1390326c353289,0,3
822,56bdda2e575198cb2fda75243efdef9e,0,1
823,56c1c58ec97ae56f24612bc0c006d6d5,0,1
824,56db2ebb09c347780dfcabd535cb3c94,0,2
825,56e46d44416f60930749ae9e7dc3f06a,0,6
826,570f97a7829c04a11da52ab084de5f98,0,7
827,5735e009006d4964699cdb4c0ec8c291,0,1
828,573f198205b5de198a6d789a44514e62,0,1
829,575d51122b63d850843582497dc31d71,0,1
830,57a5f39ca18555812a44a7ed00ea9d78,0,2
831,580638974afb93599c247c65e233e59a,0,1
832,5807bd05c5fb94ba0825b2543d166c5c,1,3
833,58092b120df5baae31e1afc01587c11a,0,1
834,5810c88eb24e8b9efea7fb880530d768,0,1
835,581265839e087f53e7369f84838589a2,0,1
836,581890fb9f516489750ce6be5b11fc86,0,1
837,581bde58529802136dada6c6c2958e25,0,1
838,5825da7df9c36b8aa87ba0887bbb12c6,0,1
839,583e6f0e5ba8eeff34e44d31c5f8d8b2,1,1
840,58468dab1af03c198c23996c7c02134d,0,2
841,585cf32a8c9c3d62db0b13d2d9b22810,1,0
842,585f8150046d5198f06aa4afb15a61d1,0,7
843,58616347ec7c5493eefb21ede36a73d6,1,0
844,587d463a44864e42e9371730dd1e4d3e,0,1
845,5883706d7742f328e3e20a38b481d4be,0,2
846,588d9208bd42863939a5003d47cef28b,0,3
847,588ec0592926f3d5a3b612aa2cc9c76c,0,2
848,58a437ff54dd2894a1e4f37c9582f7f9,0,3
849,58b98b46bbd9ef1e3d93a40c75ca8792,0,1
850,58c1f45728ebf89f49e5fd0f99204cbd,0,3
851,58d6c0eebef7acbba7f90e3af3e07411,0,2
852,58db3b293b20153f5b562aa446185873,0,2
853,58f00c0afac85eae202488c5489b849b,0,1
854,591983a55d40d44d4ab21a0a6f3cc4d1,1,0
855,591b795d4662bbc0a44c4c0c7d8001b2,2,2
856,592675072849c8f5c423d0c758a11168,0,3
857,5926b3898c6cf64b0e00e31e65e44075,0,2
858,594d7095bf8b2f244a88e651b943cc82,1,0
859,5951352e7fa0ba6e7c963c1cf215b158,0,1
860,59acd48edf69b60b0779b078a0c0c7e3,0,1
861,59b43d64dc242679b8043c53edde4e9f,0,1
862,59d1542a446c32bae21d1d892fec15e4,0,2
863,59e482f999312b72664ef3bed24555c2,0,2
864,59e96093550293f1ef1e12b822b3b911,0,1
865,5a25585895772da72746aa166713250b,0,2
866,5a28d218ab8ccaffc0b62c9071cfb9a1,0,9
867,5a5b7c2beb985197f92b7bb2197b4997,0,2
868,5a6e05169a68107bdf58882533d652c3,0,1
869,5a784f5ac948be49115df1d4fe37c082,3,1
870,5a8b20465d57894f4f43a5a05267a990,0,1
871,5ab5bb11c5ba51890bc9b0cb2b578d37,0,1
872,5ab6cfd624016dc77879f8a90dd76340,0,1
873,5aeee4b4016f1a29e4d6fd1028b9dbf3,0,1
874,5af077813db900b19dceb1b320f31880,1,5
875,5b01a263079d00d6f712dc2b78ffedf6,0,1
876,5b048ba9cf2d29a636673f89f34feb1f,0,3
877,5b0c401597e879c60d551eeacb8773a0,0,1
878,5b24907b70f044c1e31b97ad586fb49f,0,1
879,5b6b2a77c6cd72b25ae1a7dc3f927352,0,1
880,5b99d81e69a2efce8d0fb0bb0cb67e3a,0,1
881,5b9b4d77c43a5f331efa05de1875de3d,0,1
882,5bc321a19b2db8d3c338a7fe5d31f21b,0,5
883,5be1825486904e6090cfb1fdf50406cd,0,2
884,5bef51557e654814cd651423fbc62363,0,1
885,5c01a3f867ec7a1a2927b97c43a6926e,0,3
886,5c6607240fdf1cb04b0b2bc8e3268197,1,0
887,5c7269ef116fa8b4eb4a750520f70de1,0,1
888,5c99c22f65987e753d4bf7ba18bb48ce,0,1
889,5cc2ea16ff44948708d65acbeba90572,0,1
890,5cc4b85c8b5be29a7a82f47e878557e8,0,2
891,5cd65278b71f96e95bdfbf73d0d8e761,0,1
892,5d2b2b470856a83a648f7dee4221fcf9,0,1
893,5d343335d3865c55d8f0b12041d108fd,0,1
894,5d35809550e3958d04c5b9c8a108a478,1,7
895,5d453ca505b5bb78b6e68579f1bc3462,1,0
896,5dac154f6a8adc7d67b744d1aa086d0e,0,1
897,5de4223d1fff2eb6d2d0a3eac93928ac,0,1
898,5df924b7076656b21347212186a687d1,0,1
899,5e1981aa16aa0a5d0e82b283c5c7639d,0,1
900,5e354d4f17fd07279e90a3640690e93f,1,0
901,5e64045e04ffe6ce7b7d8e036b8d6e12,0,1
902,5e6437551652c517300dc13c330551f9,0,3
903,5e8a16a49027d2d17cb8f99b77e37de4,0,1
904,5eaa4153832dc9a711cc756986a565d0,0,1
905,5eaac7c933a1c48c4a68fe891330462c,0,1
906,5eb78afbed506c58f656d78cc588183e,0,1
907,5ec3e978fbd854b75b4c5d7e1bc0b8e3,0,1
908,5ed55c2595734a1a39d22b3b08e7785b,0,1
909,5eed7afce61431e8ca8626558badf999,1,1
910,5f1fefa567a2882049834bbc0799e10d,0,1
911,5f50ec84961e4fc7ee92fb18e312f2c9,0,1
912,5f5f1486aded2195d4acb278314e7589,0,1
913,5f61a5f31d1cb34c908e6d577ec655e1,0,12
914,5f738d90e1f82bd237b9825b33e65b0c,0,2
915,5f7694fed58a41bc3ebf5e094ab23c60,0,1
916,5f895ebd9d82e7d1d06de46bd603fda7,0,1
917,5f967b64816edeb83b44ab406f25e5ae,0,1
918,5fc2ec1689edd9b504d0e32d91f161c4,0,2
919,5fd670dc5e044a949cee71b3d12d3c88,0,1
920,5fdd5c992ce901382f7185647ed39dee,1,1
921,5fe79c366486318a7e84a3c30d889eda,0,1
922,600d7b973cab9cb789e061feb5a0ff94,0,2
923,600ff6bb0af826eb340e9b00f556d857,0,1
924,60104194eeaeb4bcef52afaa2b9099cc,11,60
925,60156e6ab34c1ffb8614187caee9e293,0,1
926,603ad4cfa9cc2b41cdf8bc49871918f2,0,2
927,603afee0214a7ea4d99b0a40f8439dd4,0,1
928,603fc4c3f7ac1289ebb2db0c445914b0,0,1
929,605e9a44815c376de8bcd8fb19fed26f,0,1
930,60c91f18364c36af455ffd8cd9769fb2,0,1
931,60c92e815a1d4c93e21cbdcc3def0bb3,0,1
932,60f21e1c7ef2e8baf3b675c794c213d5,0,1
933,6105d9f03bec3b75e107368d6ac1c1b3,0,2
934,6169eff07bcd6f59df1f859d1a9ffd0a,0,1
935,61cc8b822ad9506a3cdbbdd7fec5ded4,0,1
936,61df7cfd27ecc9ab16dd58245310e39c,2,0
937,61e6ece447cdbc4a7f58017188216cbb,0,1
938,61e717de25e5423acc06dc7fd7f50a00,0,6
939,620d830f3d14ed5a25bb19cce93e852f,1,0
940,621722a7e385a2f2d8820c182c52a630,0,1
941,6219c584e348ba3b236c8ee659fd3ea3,0,1
942,62217c275e374bafd609b0f7e49460e5,0,1
943,62311647f74928fd2c8341e246b06526,0,1
944,625ddcf172042896d707dc8946547a12,0,1
945,627148cf6a6d9887cdcd8509b0d76052,1,0
946,62cd23dc1971db6318bcea47a03eb03e,0,1
947,62d9d7823cfc35c771bc6f4ba43249c7,0,2
948,62e915d59acc5c05ac44ae73de607bc6,0,3
949,6311ba09cf76bada40696e47a5c71dcd,2,3
950,632759feb920cdc381813cf71d7e7505,0,1
951,63360acc95174ef75891f7facb31896d,0,5
952,63389f57cdbce8ba2fffbc0a87b236a9,5,9
953,634d718fb881c90d8cd5e80fe9fc1eaf,0,4
954,63ad690e3d55b1e05b2322a9fa8a3ecb,0,2
955,63b4e5ce0f823062b2ec52f0b309b6b5,0,1
956,63e5c6fa326cc67c1e763ffeb1636129,0,1
957,63f81ade287ff71b82ee1f8d8fd57945,0,14
958,642f3a5406d2d8b9e442a056831c13ef,0,2
959,64366e789e8ff62a36c54648147e9a83,2,44
960,646efbce60a04c8a00ee0e766496d2ce,0,1
961,6474eb380910e471ef9d050b3464e084,0,1
962,647b6a46be8cad7fee16644d2b28a8bc,0,1
963,64b37adaeb0593e70cc35f9befc44131,0,2
964,64ce0da4a817d0aca1545e1be664ec5d,0,1
965,64f4f28302099072b9909aac38be973b,0,4
966,650d644415897edb28e86d0056721e5e,13,19
967,6527de08ee16ee08b03f204d13917222,0,1
968,65593b8211431f1c39d6a7eac88d9601,1,1
969,6564b736bd623260d273586e0dea544d,0,4
970,65a5b18d07b070788b22b9b6d75df06c,0,1
971,65b2680e5a3c31eb87a623ad3b13ce2a,0,1
972,65c92ac75394f85b1522c842c112a32b,0,1
973,65dddaa0b1052191e0049aff2e7a6cfd,0,1
974,65f18eb7ad554bcc96ffe041ff31ba3b,1,1
975,6602f03a2763aac7f9023dad80128e0d,0,1
976,663b065d55c2951babfe62dbd78ed712,0,1
977,664824928b424c148c30aebb37ce2b89,0,1
978,6651f61bb73d37dea896c4a8d2fd380f,0,1
979,66574f8c7d33dba40e5d754be4f337a9,0,1
980,66798c198fafa41801dc0653bf64db17,0,4
981,668c4cc07a6f514b3da503f57a3386c0,1,0
982,66b50cea5b5549f6d7b9812674e84493,0,1
983,66cbd9e6f5e2f7229048234d928bf909,0,1
984,66d40b29630e9ea5e9bf0b565a03decc,1,0
985,66f9ab144474ece7d68aea383489c55f,1,1
986,6726c7ddee0b4d4b1b45ee65484e33b5,0,1
987,6737c6449c2341f33d4a4f80e9d98044,0,1
988,673c2b145d7c2b7f16ad3d3d8df236ce,0,2
989,6780cf1f54045b0d61ebd53719d654fc,0,4
990,6782fbe2619131f18ad659d8042a22ef,0,1
991,67a39874c7aae7c852b6ab336080c3d3,0,4
992,67a8659518d8aa23904023d894502000,0,3
993,67f366fc4c9b528dd83c5a011e4f1ff7,0,1
994,67f389948338ab40d11ed891c106a486,0,1
995,67fd6404e34ec9db062bdc25bba7a897,0,1
996,67fe1be81a0b87d5d8d0afd410801373,0,1
997,6800f7700219fddd5c7c141fa9c11dd5,0,1
998,682a73a1ac6d5f2bc33b2a18fd4d826d,0,1
999,682d3909cc38c201b5cc377df270e31a,0,2
1000,682e2e11cc39684556eae0789f7c6e80,0,1
1001,683345a419058b0672d3c630bbff15d9,0,1
1002,68637ac37f5d8c7aa1fa34620aabd23e,0,1
1003,686669110de1f6a1bf14b4b69e52c687,0,3
1004,68a43feea218b637e4d9caf103f13a15,0,2
1005,68e01ee948bed7c9ff3f6dea69e5b2c4,1,3
1006,6962bde30c3c520d6a3dd8069df9a40a,0,1
1007,69810c7f019e3477d385bbc38fca2f6e,0,1
1008,6986e29279254f3f57f45ae0e9468e3d,0,1
1009,69b3cd8f9d2a6971ad2a299be65f4a7f,0,1
1010,69f02e62851b3831019beeddb2e7001c,0,1
1011,69fce8209cb76bba2d66b90230c6dfa2,0,1
1012,6a0b87c31d7db2984893320445c07470,2,1
1013,6a1346eeb28f9c0d9f756a107e67dbd3,0,1
1014,6a39d2dd1b10284b543eb837485dc464,0,1
1015,6a6a1b3d5d3ac733fa280bc4b31220fc,0,1
1016,6a6c3a8457c639513f380c86d07757e1,0,1
1017,6a7d40324fc6632b66b48ad247b4d2d9,0,2
1018,6a8a4712b035f491633465b01de9db53,1,2
1019,6a9253dc7e14a58acabd8e7227481321,0,1
1020,6aa8e84b23f99e091e7c1ed984892525,1,0
1021,6ab61dcc01e0a50818ea633a3f129da1,0,1
1022,6abba09164759ffb9a9b538f3d963d5e,0,1
1023,6abe73964ce8b80bdd2e1daa7c338e70,0,1
1024,6ac016adcef208b323f26ec003d1bfb5,0,1
1025,6ad9134b000d3bf57bbdf958d512554a,0,1
1026,6b02cc1e45fff65587ff986cd43e6c57,0,1
1027,6b16bf2cece93379da1a54f20c405161,0,2
1028,6b456aff2c6cc5993072dcfda12f8245,0,1
1029,6b566a692afb9baae2a6e98f349efd8f,0,1
1030,6b5a110d957455c645594c6f0723503a,0,1
1031,6b6ffdb95ef3f07b6a9dd557b170ceab,0,3
1032,6bae9a318507ffca2104742547b95a81,0,1
1033,6bb33d9a1c8fdde8855deea283bebf00,0,1
1034,6bc1c43f8fe1a18e2d3de7cd0936fec4,0,1
1035,6c0485ecc4e6246574fdbad9c9d79304,0,1
1036,6c544f29693ae8b8dde22149910ec62b,1,0
1037,6c54ae01643dd9c5af226a87b0788ca0,0,1
1038,6c90c2a5681726efc48b69c9964a29ad,0,1
1039,6cf576b01b7f27f249b97ccc22cbe395,0,2
1040,6d1233e98335fc4b5f24768acfce872f,0,3
1041,6da0996784107eba4db883eaa0147907,0,2
1042,6e1a821d822c59cafe0b7c4492900504,0,5
1043,6e245821979e5ee512ab6e34c5cc3d49,0,1
1044,6e27cbdd4adaa8ef074731e46a06d14d,0,1
1045,6e7c5d6f6cef8a2860cf81f4ee6249e0,0,1
1046,6e8311e678bb900a55d511dc8ec2a84e,0,1
1047,6e8dfdf4fc60396eeb6b83705c26329d,0,1
1048,6ec0e12db13f02988939d85c1b74e496,2,0
1049,6edd2e1d3d4edd91efb61e5de3e27976,0,1
1050,6f115eeab27d6f416fa7217a9889f95c,0,1
1051,6f422f5843f4cdf4e7196d560a49c97e,0,1
1052,6f4ee0209c2cb5237318bb528f919e8f,0,1
1053,6f613d9b589cd792773b8a307003ec04,0,1
1054,6f8b960085baeeca51099bc8c66ec64e,0,1
1055,6fc13a13acf4a2ba5ee06efe52e8a58d,0,3
1056,705a47fe1f7b3eb187a4e4247748d70c,0,1
1057,706239425d1cdc7722816f8b5d99234d,0,1
1058,707cbc2588829ee90132309953e80eb7,1,0
1059,70929f33bfd1cf3f6950249dfa89c17d,0,1
1060,70b6b6d5af1f03cb6d234c5ddf4cfee6,0,1
1061,70e13413d4b2e1fb9e41e2c99afcb67d,0,3
1062,710055b23623f1a586a7759bf56100bb,0,3
1063,711b0f6803bc60622c33f15a99eb6eed,0,1
1064,7127e294f3ddc5190566f825240eb1c0,0,1
1065,71314a448ea97fe5901e2f077cb4f933,1,0
1066,715da98879207c0923025925b26e79ec,0,1
1067,71a38f8a2121f110a88b2c8c99f94536,1,0
1068,71f41882f279633e1960db11bcf1846b,0,2
1069,71fc23fe4f217a671f86bae2f4d50283,1,1
1070,72419488ae417f6631458ceae38dcf3a,0,1
1071,7256c3d2dfbcc93b3137bd08ccf965fb,1,0
1072,7282c6aed4fb1e35f68b64d51d51aa1e,0,1
1073,72a889a20764fefcfa97252f832c387e,0,1
1074,72b83f0119bd34359d676342b59f9d14,0,2
1075,72d3a63824a5d862d2155cbd7d0eb393,0,6
1076,72d4ebd3e06072ac9defa4783e38aca6,0,1
1077,72df40114ab506f5649ec6e3ed2fe262,1,0
1078,72edffefeba9883ab42152e55fd9220d,0,1
1079,73021629ac2318bcd7e0348336359797,0,1
1080,73046df0a0174e21e9ab35b8065969f6,0,4
1081,7314288bb87c140d6183fe2596f272cc,0,1
1082,7323f73b5304a53407d3f97451f102f5,0,1
1083,73365c313f9357778f875825dba59ae5,1,1
1084,735bc3212a133b54ec266c52d7cf5f08,0,1
1085,735f74364ec1eaff8b32725522a5d215,0,1
1086,73714f2a39c6188e185c710f8949b13d,0,1
1087,7382f7eaa03a09e95749fce3035e61dc,0,4
1088,739ebb24f8294dd7241601891c617a37,0,3
1089,73a2c4f955d3e4fa9f9b3d4fcdf3b953,0,2
1090,73b1b035ad79a4df6a64f4c6989d1976,1,0
1091,73bb0bfbd4b1bbe607d9760514b7c225,0,2
1092,73dd307b980a95b5d06003031f04cc6d,0,2
1093,73e3927c597c5ae68cabbb52b8827794,0,1
1094,73fd9cef83879063adcbc22a0d146b9c,0,1
1095,7419f6b9445214cbe9626fa7d7fabace,0,3
1096,742ddf281d2c60fecc8537ce0b44138e,1,0
1097,744a78d8ccf7b5814c7c230490b555bc,0,1
1098,745979f1f5ab97415f5c7519f4395dc2,0,1
1099,74d91345a4f2869921540f504ac3374a,0,1
1100,75008dbce557be1cb329a3636368b341,0,1
1101,752d82bf3f39e97d38b0f848627b1586,0,1
1102,754ed3d908d0be8d71b97903749bf16b,0,1
1103,758e733e71e55c3dad288146cb981ca5,0,1
1104,75b156b30eb81cc566832307e95278e5,0,1
1105,75bb1893cc42831fbc73cedd358d48f0,0,7
1106,75bf27dfbc31c0643d89165a97263af6,0,1
1107,75c630881bede6708c9f72e2c5c42273,0,1
1108,75fc8be30662534b152e6cf3bff52bb4,34,49
1109,76468686f9c3eaa505e215b301579385,1,1
1110,765ab9249e5608fa6e1b299173902d1b,0,1
1111,769ac9bf030f1bad2b96a4cab708bfc0,0,1
1112,76a8418cdfde9f91e220239bb9543cdb,0,1
1113,76b2959e19a302664c20d34039f87d3d,0,1
1114,76cd02249c33ce31a12030e6cf9e7d59,0,4
1115,76d5bd8dc4b1747bccf870296ca3a775,0,1
1116,771128a1f3695363e8b05dd8506ef819,0,1
1117,775f020b21556df75c9c0d29a0164db3,0,1
1118,776d4852f7f50a75a9c75be7676cf8ab,0,1
1119,77929483779da734c13a971aa11e28c1,0,2
1120,77967b9f623b24b70d909655472cdd19,0,3
1121,77acfd80520ead0a282bf70da851d30f,0,1
1122,77bf7046da25872c9e469d0ce130a9fe,1,0
1123,77c2a6fa4ee664f828f0b7d7c3578049,0,1
1124,77cab39cb8f1b928e48970bc4498e18f,0,1
1125,77d25822bd809bd00dd8307f643aa1e3,0,2
1126,77d6724f776bb12b1f541b985b99e4b9,0,1
1127,77ed39082dc5627ba5ac2461e31aaa58,0,1
1128,782826312cd07429a4c27361e419083c,0,3
1129,782b91c2b1f8344a2c338bdcec97d8fe,0,2
1130,7863c5e6a023e7eb3f5ea6adab42da6f,0,1
1131,786424a3db6e39f38de96416eb742578,1,0
1132,787a10f9cc34ea79fd275fc9aecd27ce,0,1
1133,787ab8d8d46d174b6cbd242910987373,0,1
1134,78ceecf754262581ba56be543f37cbcb,1,1
1135,78d52bafa242bddfb68db9e56d62ac2a,0,1
1136,78dc61bbe3d63b88869a066c7f95edf1,0,1
1137,78e2ad2d4a9623760835f96532032fc5,0,1
1138,78e595867143ba7dfcf1c4933040504c,0,1
1139,78f069cdc4d6ef8a3e398bbd4d8421c6,0,1
1140,78f896e458eb78f6280f59c33f4ff187,0,1
1141,78fc8e228ee20e79bed7c7ec75fd5f72,0,2
1142,797ecc60dfe6b8f24a48e4715bbc1ab4,0,1
1143,79a01de657511ffb93ee6e7da421aa7b,0,1
1144,79a6edd92d1e9dd0771efb1307c243c7,4,0
1145,79c98a0365907158476d57220f3f5111,5,32
1146,7a0105c8fbf8fa035ae22c8ee01f54f6,0,1
1147,7a1336754f018a495787c2172f00b21e,0,1
1148,7a4714f3e93babca2c162a54b7bcd419,0,3
1149,7aa2b825c516b83a71a68c23cb9c6bb4,0,1
1150,7aae7144369f268eccfa530e98c98050,0,1
1151,7ac46e715bc78b421599dc08f7bffeaf,0,1
1152,7aea65814552c0f0047c2a203d2cf17e,0,1
1153,7af4cbee06d1b784f32395fc5171593c,0,1
1154,7b40a55e5e991bd4c4d711347682920a,0,5
1155,7b46989e6661dedd108e9b1934e82bfa,0,1
1156,7b4f49a4c9f34128a3f3c253a1b7bd4f,0,2
1157,7bb751cdc5074d3a8cf90bb8b8d2af6f,0,1
1158,7bc4975202b40112450fab50a8e7045b,0,3
1159,7bc92544d718fd849d299eff28a79632,0,2
1160,7bd35a8afa446a5d03170d96b90b5c5c,0,1
1161,7be353d7326a0a2dde7a2fa43d0c4a99,0,1
1162,7be7878f0fd60f64d5a78202530d602e,0,5
1163,7c355c11d351c81ba6d4d310b31db753,0,2
1164,7c3dfb4aa71e21996690f8ff7bb8045e,0,8
1165,7c4e24ce6c056355f6750056e313f727,0,2
1166,7cc4023fe29ad724d036cd09f365793d,2,9
1167,7ccaec98c51c1690c2d0e1cb81196d1b,0,1
1168,7cd3619a884c9b275641d720d61444a6,1,0
1169,7cd4213e5ea3aaa7a614323481a59d3e,0,4
1170,7ce16fc75dd18938209036a17532d26d,0,2
1171,7d054da79dda451dceeb22428232ead1,1,0
1172,7d20b91f525865248746f42d613c43a0,0,2
1173,7d36fbcb0e0060cd5ab08796722a73c9,0,1
1174,7d4e34325c459cc7892108ca960fb7b0,0,1
1175,7d79b56c1662d53e637cdd8027b93cd8,0,3
1176,7d9076ca2e3b6197ff5ee8557e6536ad,0,2
1177,7d95acd721e318dbf48f63a88f8d90e9,0,1
1178,7d977bd8a5aa9d01d04e44eff382c860,0,15
1179,7dafd3a324196fa330c100c5698a228c,0,1
1180,7debac8208e4600e2b2d0e2d9954296e,0,2
1181,7e3c6ad3b1a0bd63a6f02449831108e1,3,8
1182,7e629c3400841370a613872f36857db2,0,2
1183,7e873a6623a53a6827b7041484ec702d,0,1
1184,7e91b50fa5512f46a72409a447a2c7f5,0,1
1185,7ebb525f227bafd7e0d80b0dd57d6f98,0,1
1186,7f194e2d785110417844daf63a0bcdbf,0,1
1187,7f20a93e816583b0d8dce6dc424cdc73,0,2
1188,7f2b7e8b2bec701856f08386bb19fe5f,0,1
1189,7f38ed1d08bbe46301e068ac93324dc4,0,1
1190,7f4431e80c2c130743f18f3b12c89e6c,0,1
1191,7f4ac404c8fc6fbff06b2c3a9ff1cd35,0,1
1192,7f5b37e8313b9c4b2f56f821d435979a,1,0
1193,7f93778a2dbfed80a3f5e667790a0645,1,0
1194,7fe83b7e7f976ddc21a3c99bea3bab7b,0,1
1195,7feffb35e2744922b529df59d97ae797,1,0
1196,8003e0c818c7c0cf10e363bfb1b86785,1,0
1197,8017a8b4ec9993c4f3b5525ec1d321d8,0,1
1198,804064ecf2ec11f4138d6931236cf653,0,3
1199,804c4e34bfc1fc242a818758c910e089,0,1
1200,805b77e1a6a1c3e4c002fb638cb0292f,0,1
1201,806597bca128f9d16619ea2a0bc38571,0,1
1202,806d64e963d5d81bf9aedea40b2c348a,1,0
1203,80a4215337d26c21400c40231e670281,0,1
1204,80a6408961e98073c9881dc907337a0a,0,1
1205,80e40a08a79d1e7b5d995f143febff0f,0,1
1206,813cb64747fb9b0767108073f7a3bed1,0,5
1207,81496acc641181406ee16f6de485a6e8,0,4
1208,815d37bb1b51d5db5b764685cee0cada,0,3
1209,81a95ae297010c8973dfe6de5ba6c606,0,1
1210,81b9d99147aafea91297f136724e2b5b,0,1
1211,81ce2771955406bf6d3f2ae76d7141cc,0,1
1212,820378618607c673f077d76882d646e9,0,1
1213,8209159d94af49a8321596b3e0522825,1,6
1214,822e2a4c834da22cebc0cc52976ebfd0,0,2
1215,8233bb7a0de9382025b211c7bcfee46a,0,2
1216,8235eca63966c42d5af3e5f8508fde8e,0,1
1217,8259aa7df0bb23c4958a0b27af4c63f7,0,1
1218,828501ff33c8cbad598e82f68288ff60,0,1
1219,829775eedc0274e47e8652528fdc541a,0,3
1220,82c13655d5af7781596f46fe231adb89,1,0
1221,82cf6ae3cdca0622c92fb3c5534f605d,0,3
1222,82d7bbc8a1e364417f407a2da29c0254,2,0
1223,830b2243ef47311bbbb5a04b0204ffcb,0,1
1224,8311cf54e300ae1d654822d2d7f9540f,1,0
1225,8365526dba9e4ed5f8d22918f2574ece,0,2
1226,839db292d0b4f4f6f1d77483547b02f3,0,1
1227,84463ec2e9bc43e41f209054099322bc,0,1
1228,845e4955b50f1c389ab193a967f7eb3b,4,3
1229,847d73f9ca721192ed04fb797de8fb37,0,2
1230,84acf978d5ffbf7103533eb0248bfe82,1,0
1231,84c767a6e2c1bad9422d420d4a7a7f80,0,1
1232,84d9013f17fcc5a15bf300d576e20d75,0,1
1233,8504142209a05c2e77d776f1d0650b5c,0,2
1234,850a13ae0ff5699a5405946dfafc84b3,0,4
1235,852aaa5f240f8dd36a3617fabbc6f343,0,1
1236,8533866e204667862dab9fa7880571aa,0,1
1237,858c5bb83f8dcada16ca7338ecf1e83a,0,1
1238,859aa0f374f101a0a74f945d4dd25241,1,5
1239,85b16dbd4fe32750f40aa9ead7a004ff,0,5
1240,85b5e119480e9ebe5a94e14fb3aabdc9,0,3
1241,85e6aed009387cdce88acdc468437d84,0,1
1242,860fcfac7dcee69234e890ff346756a9,0,1
1243,86332c064bd74a81247ca4fd1dc56dd8,0,5
1244,864360fee3de2bba36ac2cf8298ff261,0,4
1245,86570e599022ddbb3d4aea7d9b7514b6,0,1
1246,868e9b52bdc2326c140c1b8e9dae531d,0,2
1247,86a25e5984f3f7313666b2b11ff2b36c,0,1
1248,86a739cfe023a105468253f7df2e1d6b,0,1
1249,86cd4a1a23a47e256cfbb2a58f54a617,3,10
1250,8720114755006d38c1b17c9a39c34c2d,0,1
1251,874b9fe68e2665df99d0dac106df2494,0,1
1252,87566bfcf1e682bd27c8c5fdfc440490,0,2
1253,875ca6acf2ac3f5b77a9ba7abcae934d,1,0
1254,8773bd1e8e18ca2bac02ed0eaafe37b1,0,1
1255,877d7fcbca5dc8e6a72de2e5d615f0cd,0,1
1256,879aeaaeb9a203244fd0ae65ce2b1fb6,0,1
1257,87c2a70d403c3ff0541735af144f29c8,0,2
1258,87c75b415b4f86f8e824e2a8e76a3fa2,0,3
1259,87ea75b87ce1bd27413c2b5e32d5e62b,0,1
1260,8836bb6d609ac42058e123bf28af6917,0,1
1261,883c09780f2c41fd4edcc545aab856d1,2,7
1262,884d6a800b17f57f87d1bf3d27979541,0,1
1263,887fd7464d2d2b8db0dad4f9e5f49d1f,0,1
1264,88c6e4d72c149b2091b43c6a995e1499,1,0
1265,88cd17da6e43c7d9c179fbf492c6c478,0,2
1266,88e031f29f5809d635d3d381f6c4b49b,0,1
1267,88f6c320fa239cfac1ed994f1e263040,0,1
1268,897d24667d4b422c69ad3a2cd34de3be,0,1
1269,897e0001a473dad189ae63dc8133c4f5,0,1
1270,8998ac618d7233099dacb61cd318cf92,0,1
1271,89c69cf181eef24986bd6ed66fb76e8f,0,1
1272,89df30c30cee2cd420c4af304ec8dcb9,1,3
1273,89f0333aff4ecd9e44f9bba76e636551,0,1
1274,8a2f9423f6a33e7a2120a988e7e12498,0,1
1275,8a38e396e0cf53f31f6635025752d67e,0,4
1276,8a3fb0e128ada5892065ff247361703c,0,1
1277,8a45a26cbf323dac8614796ad608c815,0,1
1278,8a5266d2ea7d6e43acca916d5fa9c8fd,1,0
1279,8a81eeba213f6f6459bf5986d4081bd8,0,1
1280,8a9a0b2a87c44bd88ea1193f2d117097,0,2
1281,8a9accf0d13bf687e4a9e7b8d17aee6e,0,1
1282,8ae599fe32d161c47f185409ea919385,0,1
1283,8b264450df18e1ef21dfe2131fd18eb8,1,1
1284,8b31501b3777aa282f6731e4727dab41,2,1
1285,8b614130ee76bc0df432c95d8f231c27,14,37
1286,8baed259967edb7ad91d59f21e22f129,1,0
1287,8be8d91a6a513f5d3b0312fe4e6ef358,0,1
1288,8beb0419f070b930942ec733f5fe5da0,1,0
1289,8c05de5f9d12d756299d965dfd9500e6,0,4
1290,8c266131a76e5631b277787a7f995514,0,1
1291,8c4636d5bdb391086148c1ea51a8337e,0,1
1292,8c5960255c182a67ad6e0f278042abc3,0,1
1293,8c5eb32be350d4f6ee70754ec8fe3305,0,2
1294,8c6dbf3f7ad23c1030eaf2694483656e,0,1
1295,8c7e24d6ee2d71a2fad1cd9da7b9f3ce,2,0
1296,8c9bf64d0d40a523d98e71554af6b9eb,0,3
1297,8ca554f5054c9cfca2508f8f67101b71,0,1
1298,8cd236175ea4344a971f87e0a565aaef,0,6
1299,8ce98466c0b202772bc69108c251ecde,0,2
1300,8cf818c1f19166aa725923d0189b4e71,0,8
1301,8d1f3b6fbbb5934e11f9f96bc676de32,0,1
1302,8d9e7986d248922327fe7f214e0023bc,0,1
1303,8da7b66df0714c2c8f85dad0e28577e6,0,3
1304,8dbdd902ef4ddb2f7bc1f02fdd21341e,0,2
1305,8dc93cc9a8f24209c137516e0fe71ffb,0,1
1306,8de4e1ef60eb550f946bb46a09d6807e,0,1
1307,8deeacc6d1a424f689b30a9184bcf8c1,0,1
1308,8dfac0bfd3ee162747f9b8979aff46b4,0,2
1309,8e04baf94c74ffc6f4f3bc8ebd901e1e,0,1
1310,8e31b29f8f9125b2edbc85d31d9e8eac,0,2
1311,8e626759ef1dc8d131f4bb9990e077d1,0,1
1312,8ea598e8e11613f48bc7d60a764c4417,0,1
1313,8eb2920ebf86d3dc13aac3ade0f48c2c,0,1
1314,8ef64d501e91f0fba7d9aab538bc1e60,0,2
1315,8f0be34269da92519bc799421fd11d0c,0,1
1316,8f20ff54d8fb0d8f29690795ed952446,0,1
1317,8f2248afac9b2161474f0a22ff867bad,0,1
1318,8f5e8e5a2c92c11440e19e34ad7e91b1,1,0
1319,8f9c357eb3cc40dc1a0665beb7ba5634,1,0
1320,8fc6784decfdea67808a5d1f942425b0,0,1
1321,8fc9294f83950b181a848408ab158a8d,0,1
1322,8fcbfb845018d1cf35930a9095f6b00c,0,1
1323,902e77b090c78ebfbfb13bdcfbd425b1,0,2
1324,904fad1c4ae9361eb9f7f1fce2537f05,0,2
1325,907d236f10ab29f8e6b2ec37c956d556,0,2
1326,90b8341f1f0d94b7510ef39453de438c,2,0
1327,90f528a8bdbaa8b06c99cb8fdb719c65,0,1
1328,9107164f41e571e1dd1fff69f1ff230d,0,2
1329,91124e60263eb0c05f8b0558ad2177fa,0,1
1330,912db8913d4eb555b44f84249d20d1c9,0,2
1331,9130c2153602e8e04e44b1768ed18e36,0,1
1332,913a80d902263002c13233a92dff4833,0,3
1333,9150ca7d139e4a7e6262fa124c9c638e,0,1
1334,91514923f463709a3440264ccca0fa19,0,3
1335,916f678b25af04c1f0ac12b79b898086,2,5
1336,918b6063a0b61e6bc05784847a8d3dd3,0,2
1337,91b4ba061af2b6dcd7b8c33c297bb67a,0,1
1338,91cfd4b2469793ee59fdbbbdc23ecfbf,0,1
1339,91e278db0d605f75dc48837baf3e0255,0,1
1340,91f30860957943e7199ec4e32bf93d05,0,1
1341,925ea621c72437fb7d76433b171a779a,0,1
1342,927a442935224a0c1671b30c1bde728b,0,1
1343,92ea5a02d903b91d7ba89b38701922d3,0,1
1344,92f5904ed4b5aaa3f6c5bb90826e90fd,0,1
1345,92ffe1dfc88689d73a803db576d85e24,0,1
1346,93000cdd99c6c31cee0a34571308c895,1,0
1347,93170068ecd9414ff6a003c79bc3df5b,0,15
1348,9320b329489747151d072953e3963905,0,1
1349,9335bc873447b1ee33c17e1c1a8b39d8,0,1
1350,9344530848c6c097da91d5817e834a76,0,2
1351,9345964df945fcebec45a795295b3514,0,1
1352,939834acda13f3cf0cdbb81f60bb8c1a,0,2
1353,93aea9443b3304de87ce1cfc9f6c8ad6,0,2
1354,93b59a583b1e46bb3e34f9292d524fdb,0,1
1355,93c09c45eb3b1b8912ea288a82faa74a,1,0
1356,93c72f47ee26cdf82f535b1d1c4dcad2,0,1
1357,93fbac6e95d50e5af60a3774f5e7de74,0,1
1358,9402408a5139f426b6a56473a81156da,1,0
1359,941362c95a2b66919b4624eb857095ed,0,4
1360,9418e7480edc00b5999d797dc5b2c2a5,0,3
1361,9449e198cd3026f76e497cdd70353082,1,9
1362,9467f2361cbdefbc171396520dfc9987,0,1
1363,946bc6cd5952045b592462f75fe59607,0,1
1364,947287a80fe3944e6ed34cf3492651da,0,1
1365,948a97735ccea237a4d637fbb6a109ee,2,14
1366,94f378b49933d086d05eb7d64cd9e6e3,0,1
1367,94fd9f7d650419c2fcc583404396b047,0,4
1368,950fe6af7944bfd0ae4af14fdcf6a093,15,100
1369,952c509f4d96b2bb805b16746b62876e,0,1
1370,95411942f52a4821eb55c8c296add0c4,0,1
1371,9541b837540059c80ea1aa315e80e92e,0,3
1372,955629e07f21ba2cb4804aa5e3c118bf,0,1
1373,955ed539ec2a2940d7fb610e6849316f,0,1
1374,957b94898abd9f6bc8fd5ba41eea8fd7,1,1
1375,9593baa5798b9e1d0750de6bb9d43c9e,0,1
1376,959a81f2d6c2208bcf9b85a12d021bc1,1,0
1377,95c47376471a2ebcde177f3e41ecbf43,0,2
1378,961e603ef2efa05945599dab9d916b08,0,3
1379,961f72654796e65149947560cbd5f5de,0,1
1380,9624537e00da9e71b67277cf002678be,0,1
1381,963f752efeaae2dce3782e0724f9a17a,0,1
1382,9662e8fa00e952069f1483447a36490c,0,2
1383,96797a8429a0fbec2470c176339f9ba2,0,1
1384,9680370652d54b91894a04ce5a9c0ce4,0,1
1385,96c310d5e2938cc840c09106c5bcc55d,0,1
1386,96ed13faa959904f7cd338161e03b1fa,0,2
1387,96fab5cad6f3238b6d050906602be2fd,0,1
1388,96fff7efb6ed5b518ee71705e9dd39d7,0,1
1389,970494e525dd9786fe289fd1ededbdbb,0,3
1390,9711597656896aea4457345edd42ada9,0,2
1391,974927d1f4f0e92497e271006ef07560,3,1
1392,975a10a0c010786ed0d4a4304170289d,0,1
1393,975c9f439a4e3041f305fa89cc71e73d,0,1
1394,9776ee05de7eef2eed2840f94b1923d6,6,34
1395,977fa18a631bf52df0c218f7e4d31ef1,0,2
1396,97c7791d29a428f9fb53e2ca4aa0b975,0,3
1397,97d4a1ffd92b2631270160dc0ee6106e,0,1
1398,980ef11d84efeebaca0775e3d3600608,0,1
1399,983d228d9edb58ce318891d4756f26b6,0,1
1400,98480e59e8104e53d1d4797d51145b6f,0,1
1401,985a9acc89143c701ba403a8874ce2b7,0,5
1402,98725493ccdf2b07867a7cf9436623a2,0,2
1403,987f6fe3e5ddb54f4694305b446963ff,0,1
1404,98bb4503bcf3e24b96f026c2ec5c626f,0,2
1405,98c8b73a37fb4e77cf2711afea26b1eb,0,1
1406,991a68af9dd902b2759103918a7995f8,0,1
1407,992691fb3fc9559758b8d48232395b8b,0,1
1408,993a628cb58058ba3c3e7f5a9adcf01c,0,1
1409,993c69d2e4104b9a63ce1d555fa0990d,0,1
1410,994ba37b8755d68ce0ff2984a999b9cc,0,1
1411,996fa322f099d2e4fb20c9801d5567b1,0,1
1412,9997315f38845569759e361f3ff507fb,0,1
1413,99a6af7a3cce6f67dd16d8fde4d7a6df,0,1
1414,99c033ae7603a1688cad372e1a2fddaf,1,1
1415,99e61938119e562e850bf1d2ea04507f,0,1
1416,99ebf1b6279ad3e55bb12ccd5496eccf,0,5
1417,9a0188d49e2e4fcf354842cc743f814e,0,1
1418,9a1633fb57bf0941cbe267738b718ec7,0,2
1419,9a357784605d12c2badb87575af14f28,0,1
1420,9a39f259a909a1e99123831afe248e5f,0,5
1421,9a42a7e305af9f8a5d9bed349fdac3ca,0,3
1422,9a4be5f12ed1164b5978db3248b26f5e,0,2
1423,9a5a95383032d4b8c254c937ca2e81b4,0,2
1424,9a8cc6b6b1b9bda3be5c932fe0cf39e3,0,1
1425,9a9d7a7e1f92641dd9c85aeaa6a4082a,0,1
1426,9acc0a4503a03c0c9a8cb1d72375579e,0,1
1427,9acc378c4e16505e01a56f853354f7e0,0,1
1428,9adc90d5563ba17b7663e9bdde9472f4,0,1
1429,9aee18a5eaabca79ec2943c685eac1f9,0,4
1430,9af847a7d3de33484fe889b795c0e05e,0,1
1431,9b01d5e47ed0318d8e1d8e063a4e740e,2,0
1432,9b05380abecd625dfcea41f6b6d6ce26,0,4
1433,9b39768c9479c4e311e77bfc3b2aad08,0,1
1434,9b727f993f9c901e565d94de3950d972,0,1
1435,9babffa7b0becffd9f3eafd921001c02,2,0
1436,9baf35759bbb1c795cb12ec601bb0ef9,0,1
1437,9bb9db1d58dc8d8962cc2a93fb351591,0,1
1438,9bfd98016e17a75be60aaf8594baad39,1,0
1439,9c2f8498b3247494cc4fd50086bc99f6,0,2
1440,9c462f4d8aec560983f486de74317d19,0,1
1441,9c5014d9ef8727e9755b5979bf9c965d,0,3
1442,9c68439993662866c37068d82f81643e,0,1
1443,9cb8845b305afda9845ffee7deab01db,0,1
1444,9cbf7b634badfbd1dbd4c12a8b70af84,0,1
1445,9cca9fb9bc8270d5efc7b8194c99261a,0,2
1446,9d0ce4208a4ed6502cf1ed73cb373625,0,2
1447,9d64e23de67bcc31d78a35635dd8b519,0,1
1448,9d932537012c6bf2246c58437573f6a2,0,1
1449,9d967b062d2eec3b5a21ccb3a5686c58,0,5
1450,9dafd9dc11a5bcbd7c2052fdabd4a3c5,0,2
1451,9db26ee5a26ea6fb2f338108f18441e9,0,1
1452,9db8aadee2c0c55bb7c373c487766527,0,16
1453,9dd7be89d08d2e1d1a056bc7f051325a,0,3
1454,9ddcb0412a333bcfabe5fef7c3c07b88,0,1
1455,9de54229e0be0647d3b72f25d5535329,0,2
1456,9df069704d10199285920879977c3b19,0,1
1457,9df74aa87cf0059ff339bf6219a87390,0,1
1458,9df9891c50d37692e13fea3e365dd9c1,0,1
1459,9e3397e75d7dbd42496982859c684be7,0,1
1460,9e4611ee3dd1e539bd8d120f6dd7d834,0,1
1461,9e6ad34133a2f22ad1322f92f60463e0,0,2
1462,9e77a066919861ad5dac6f0bb0f3e0db,0,2
1463,9e7de5aa718a71ce163d7cda9a95673b,0,3
1464,9ea8321a0f640daee973b1c2306b5a09,1,0
1465,9eb3df9a53e3f0a232ff18a557f63d45,0,1
1466,9ec9f01bd91900bdca668688381d5967,0,1
1467,9ecbbcae3eb2ce8c9b7731730d79f934,1,8
1468,9f1b09e9ec71254837583203dd9e22e8,0,1
1469,9f26e0459bace2fced09f335b56c8709,0,1
1470,9f272e7055886adbd6557074107da861,0,1
1471,9f3cfc8bdb3f3c2bc133c9a95c96ed45,0,1
1472,9f4afc0847cf74b31b66dfcc8db187ec,1,0
1473,9f6f5d5167adea2cdee37c9ed2ae0419,0,1
1474,9f78d0dd99a80bf8f2f612843b750125,0,1
1475,9f8ae0e4bf4aefff72f7f555675f50af,0,3
1476,9fb3be7e0b9bf6de7b8c22a15c62cbfd,0,1
1477,9fbd6fe16a01e759d41bf61e09b93454,0,1
1478,9ff8ee89ac1cda6c1858aac6c5f62aa4,0,3
1479,a00294c436b8413947c712cafd493957,0,5
1480,a00fd2bf961d547ff951117f2b7bc496,0,1
1481,a02347e0ade45a6c3040cf21b720936b,0,2
1482,a04d7459a5ffae8611ee24732dcac466,2,3
1483,a08a67652893880400598175c202b4b8,0,9
1484,a0aeb6f25ccc70d0f8113fc1b6d0b5c6,0,3
1485,a0b5746eaeb5009b2b96903a06cdfb75,0,1
1486,a0dd3b29092be140663442c74e9d5225,0,1
1487,a100102e4dd0385d5fb28ceb34596bfc,0,4
1488,a10110a36ce0f5616257670ce08af665,6,1
1489,a10ff85e0c79a60ae8781d90f50d9883,0,2
1490,a13f1754651f4ca4ca15371d0d1b5572,0,1
1491,a14159afca8f638de092d274cd62a113,0,1
1492,a1464795b50f920300cbe66439b1992a,0,1
1493,a15f160b38a276470cafc3adb68fc929,0,1
1494,a18144d705f0972639a58e7ab632b034,1,0
1495,a1a95b57b875c8d483ee361f4adfe796,0,1
1496,a1b45de50a2f82c649bc84f78d46f44e,0,1
1497,a1d267015453b5811a24bb1a5d056a1d,0,1
1498,a1d54444e1d55f6557d712d72ac6636d,0,1
1499,a1e2763f67a2e8b625d354b2fb3b8fc1,0,1
1500,a1e4ad5831a480c3643b84301f05a30b,0,1
1501,a1ed2e4fe9213d14aacd6853ad3d5128,0,1
1502,a200b7f0776b0643f01f331a6d49ca47,0,3
1503,a2487ffaea44c9a4edfc027a809e1de2,0,1
1504,a26effd9456ac05a6c84725e1e1d2b6f,0,1
1505,a29ea90358c76aa9ac362c2273e61101,0,1
1506,a2c5a4f435dd89bc19b16697f0e0b0bc,0,1
1507,a2d095c542911e1925742d6ea5481534,0,1
1508,a2d6f0c0eab403b90f94c7181e7f4c5b,0,1
1509,a2dd523b82880fcdbfb19eb02c65de8b,0,1
1510,a2df7f9e8b5e9bb4be654f971be1f40f,0,1
1511,a2e72cdcea182665b7d58d225fd12e04,1,0
1512,a2fe2e8866b9b4ea32c80e215497cc84,0,1
1513,a2fe9710e6216512fcdd70916b7645a7,0,1
1514,a333b32d02f6a28ce19075fc01016aad,0,1
1515,a346ae2d8009f114f0e975bef7698652,0,1
1516,a34cc27e874e69ab026f71396030f077,0,2
1517,a350d7fb02c2c33b4e4c953bbb6d3042,0,4
1518,a35e68d103c6bb773ff4b5a9700c15e8,1,0
1519,a3723b8a23c8068c4a34a15a4c2b2713,0,1
1520,a37672ef20f59adaa2c266e20b2c614e,0,1
1521,a37970c8068c2ab41f2a5a83277059db,0,1
1522,a3833d925ef0cba0aab2809031f973b9,5,4
1523,a385f98be5c54378a05efb6052ef2a8e,0,1
1524,a3ae4a5b67e9be1c71346246185b3e67,0,3
1525,a3aea1094bd1dbc2478bfd4c4ac6b33d,0,1
1526,a3e0c877e886b65c95cb18c954c45c3c,0,3
1527,a3ef2dcb10066950b761182eecd6249f,0,1
1528,a4085f63cc643cc8773e88435833f0f4,0,1
1529,a414ebf36f22916272c6fa11e5b8b071,0,1
1530,a4482c0a52c6e90071981bd56536751d,0,7
1531,a47f996b8ecc02be82e3d187c0102f44,0,1
1532,a481df028b30a5e9caa2c0cd93a79a73,0,1
1533,a48d159c9e625a7e6c0e2e739930e38b,0,2
1534,a4d5d353e647112ffc2bb766c0f3a0d5,0,2
1535,a52c113c989087648855165dd301a474,0,1
1536,a52c4ef5fc45439319cb1b60851272c6,0,1
1537,a5309b6d23625b19a3056046072a61e9,2,16
1538,a53909c5bb1933d4f85e1c87787fa696,0,1
1539,a54f710582bc1e136fcdd88992a837ac,0,1
1540,a552a84e0872d8254cc71d0ac27c72ae,0,1
1541,a583c844e581be5235c419ad16e7b05a,0,1
1542,a58e2b3f8e6d111f091b343f68109529,0,1
1543,a5aed9ba35346fd4db432b03e35e92c2,0,1
1544,a5cee17a5dafec3dec1e133b722cd35b,0,1
1545,a5da2d4fb4f42712cfe7197d5fd8ce77,0,1
1546,a5e0f6f5d96c99033738686268c40759,0,1
1547,a5e9be642f9274bb968ea3239c898d99,0,4
1548,a5eb5917581c1e34764c80446c1ffc82,0,2
1549,a5f6be33e8981697a20ed3c98223341c,0,1
1550,a62d0b76ebc8949635e6ec41c176b4ac,0,2
1551,a636b8e7ec800f4911b46e126c1cbed3,0,1
1552,a63a07836e25c8ee3a3fe7e101ae6839,0,1
1553,a65382cc8c7ad8a4e7f6f50bf7ecfc69,0,1
1554,a66cd1077641d7842f5cb141841c90bb,0,1
1555,a67b0195493762b30e6df1a25d577ca1,0,3
1556,a683c436b92c7a1b0e734456a7e9364f,0,1
1557,a685b09e239c812c1bd208ab19c164d5,0,6
1558,a69831de9bb2d3911a3335bdffdca6c5,0,1
1559,a6faf6345c924e54eb32ff215269f737,0,2
1560,a70ca70eb63aca793781cde9fdf8f21a,0,1
1561,a73191dc5bb6c712cdb71b8c5c057e63,0,2
1562,a779f7e8d0429646257aa3b9def7d557,0,1
1563,a795286123b27b7a83374418e2fca743,0,1
1564,a7ba9e8356ced4b543c91670b09991b8,0,3
1565,a7bdf3ebb8cdff34c4ad526959263606,0,1
1566,a7d01d8e79af4fe1bba636e2dcb67c70,0,4
1567,a80e31e8dbe2ffe16131270ac72f15b0,0,1
1568,a80f1b6d183d2f9d39e53a6506b0c35e,0,1
1569,a812fdedfac97afdcd42690c28e92b32,1,0
1570,a81a3d4b7ffb88c30174ba2e2be36e40,0,2
1571,a896d9eb565a9edde37c5e6b7fb0cf1d,0,2
1572,a8b09ff388579ef707881aa369749c31,0,2
1573,a91075b561c1aa3a07b216b3084129ff,0,3
1574,a91698e1d69b0199ae5fd8e483be7ab3,0,3
1575,a91cc2d2eee9a097dc33c0aa6dcb4230,0,1
1576,a92af5b1be26f4127e3e1bb49c67f150,0,1
1577,a934b9eca9bd1d563ca11ea4e8fb40fa,0,4
1578,a93ba5e6205e4d434fdb031235c456ab,0,4
1579,a9421a4dcc7de942d44c0cdfef124dda,0,5
1580,a95659cf3a961a4630bd567fb9e0257c,1,0
1581,a969bd3867c7c6eec833b41867382834,5,0
1582,a979ee60745a2dc7a42e28def6d81997,0,4
1583,a97f0fee6a3d7916750d6eb293679f80,0,1
1584,a9c885ff0d695ed2e5ad0cda56557efb,0,1
1585,a9d7c60ff9b2b21b10282f9a0ee3636a,0,1
1586,a9e9b55e9f7c2fc6bca4b2a5b7f6e5a1,0,2
1587,a9eae6d9755d2877da407c7730d273bb,0,1
1588,a9fb4e90003680ad44b22aaf7f788c53,0,1
1589,aa7d7d3cfbfa4211d442db1174f1c4e7,0,1
1590,aa917b6e78ee1d04bc2fc002138136be,0,1
1591,aa9c637c324c5afc845ca49d082972bf,0,1
1592,aab3c16ac078b3793f1b7443acecfa55,0,1
1593,aad1c7ce8803bdf3c24a671056caded1,0,1
1594,aaedc39cb56d698b002ee03a44d52d39,0,8
1595,ab04b93a849aad7e6474a1d200da21ba,0,1
1596,ab317ef22e03bf225a81246366bc30e5,0,1
1597,ab3e39a6508e491fec0c4cf7cbe1c62c,0,1
1598,ab6c41e4062885f5a2a4666037d77fc9,0,1
1599,ab6da5f7c42d77f1b012f0c68893e0d4,0,1
1600,aba17c614e5de1564fb4d3ce03b83736,0,3
1601,abb3c4d861ecf2a6cc9941cfe044abdf,0,2
1602,abb4e1152df26adc78d0745672863215,0,1
1603,abeedb673d0033b0c51903eb6bab7513,0,2
1604,ac0f80b8a325cabcf204efc95384ef2a,0,1
1605,ac2d27d5c9a7270e7a55bf6250c6b789,0,1
1606,ac502d596d2b8040c4a40dc3d2327666,0,2
1607,ac9427f5e271ca28f3b6b8357d34a1e2,0,2
1608,ac9f096257016785c4390f7dbe78928c,0,1
1609,acb2a9fa7ce51547880dd2b000b96534,0,1
1610,acdf9657ca21b135fd4cce9ab5ca3da4,0,7
1611,ace6e1450dcfb9a1925d1b7b72bd8f7a,0,3
1612,acf87364fc13d33ae6e12e47c0651dbd,0,2
1613,ad080b207998d2ca8bf095fafb312b17,0,1
1614,ad0d92a3b44fc174716bb7a201752d7c,0,1
1615,ad669dea8058d874c1f121a9a08c7572,0,1
1616,ad75f5e780cf5203599eb20a0ee58a6f,0,1
1617,ad762482a916b964bd3e8f2c5036bb18,0,1
1618,ad7c7aade5e8efc8441711f224fe582d,0,1
1619,ade8d6b30214ae4b66548582ca423784,1,1
1620,adf003d0300ff88bd2201c216b3479b5,0,1
1621,ae14ddba812b353d92499eaac66e05bb,0,1
1622,ae25a29b34ff761ac9768370987abe5a,0,1
1623,ae5d936985a16fe22f3c6da44fb69bc8,0,1
1624,ae652640a540280f4329854b68de70a1,0,1
1625,ae7d214209953e017437099ca0d0f112,0,2
1626,ae7edd25def36acc54b7f68ea111ebbf,1,1
1627,ae9997b3207602392889e334304de345,0,1
1628,aeb9d108f982f21fba6c245e8b832b74,0,1
1629,aeea83dd30d9f0b9fc3cf1203c52428f,0,4
1630,aeebd855be67eb7ffa61d3eb7b29d030,0,1
1631,af005d87ce4204e27cfba26210155964,0,1
1632,af4bf1a794b6a8eb02c4c6db237477e4,0,11
1633,af67888d1075f76e029e5b94f7aae134,0,2
1634,af7eab8dace7ef5cabadbcedfba424df,0,1
1635,afa2e0b14ec8d29d8ed57ee94398957b,3,0
1636,afa3933772811217cad94d73b828ae82,1,2
1637,afc5d1580c1783832f1d7c7ef4c7b408,0,1
1638,afcc6ea4aab410599bd851fdaec05dc2,0,2
1639,afcd220198fb336ceb23b4dd625b3962,1,1
1640,aff1f79bd3e50524d1da35936cc486da,1,4
1641,aff7d8458fd4d7cd7c6204a59fc347d7,0,1
1642,b00d66540b3ed1efb2a66868e169fdfb,0,1
1643,b01fd29b0aaac0fe426abcfa956d657b,0,1
1644,b048fc5af73a5b904d04035bc7e947ca,0,2
1645,b04affa67860153e66d3ae080cbdf664,0,1
1646,b065d99afc30af16d01e8e2fd6bee975,1,1
1647,b069dca94d5835b8df883cc8dbc3a2a9,0,2
1648,b09e3c953b29d8cab4368860aa870204,2,0
1649,b0c1f9d537a2d436c02688289fc862db,0,1
1650,b0c8479d9e062dac4c8168ce0bb838fe,0,1
1651,b0d7028ec7cd66705b88a34f6a3b51c4,0,1
1652,b0ffa3fc3bb05d91a639e909eb43140c,0,1
1653,b108e3edf2340194d137ac81cab4934b,0,2
1654,b11668eb42bfa35b93611be53b8cd731,0,1
1655,b131b7fa733d967014a343fd661f1dbc,0,1
1656,b1868ae533001772cc7a3a9fdff71ec1,0,13
1657,b1b1ab40cdcc6eddce716960c7f22513,0,1
1658,b1ded1269742c970e17de61c91b98ad2,0,1
1659,b1e629838bdfb3153cf001883f8c2292,0,2
1660,b201afc267d22a2e91fd45e74c537cef,0,2
1661,b22fbf4e5f8c4ada3d12486f04bfa21f,0,2
1662,b23291279fe34c5756b163c0243f60f5,0,1
1663,b2682bb01d9a47b5601545c827abeb96,0,3
1664,b2712f801777ef5fbae2a91050973e65,0,1
1665,b2870d01487f88b3f250f4b59928a810,0,3
1666,b29599dbb3493fb07c2db16fe0a3fa2a,0,4
1667,b29a56fcde029928420e2ff1f0082659,0,1
1668,b2abc8de2fbf7479c37ea0e86aecd441,1,0
1669,b2ae89e9e32a86e71b7e95d6b5f45006,0,1
1670,b2b4a01d4dfef641aa4f6249f5b044b4,0,1
1671,b2c5b15c902946d2f1c03c9861a62703,0,1
1672,b2e5f1632179267e1ce4f29a5ce1a65f,0,1
1673,b2fb51920db3865b2ed4de0095b0b4e8,0,1
1674,b34378d9b07f4921e927bdeed6c66e34,0,1
1675,b3445c7152c1881e505c0076a14df734,0,4
1676,b35a1de71c19e63a80069ec052f4f9b9,0,4
1677,b36e6969129bbf892086126d43c71004,0,1
1678,b38c8bf1f1b2c8d403d30ab632db7d69,1,0
1679,b393b216a6b0889a1496617f49dd6174,0,1
1680,b3b2ed07e3fd3553ec7bca9352f76949,2,0
1681,b3c59da0b37f3491af7197896bfb41e0,0,2
1682,b3cf4198107bf3c20e1ecf79f73cf0f6,0,1
1683,b3e47817729af2e972b77c209956b764,0,1
1684,b405454fa2a32483ab88ec50633ef431,0,1
1685,b45114219a70033ccc7ce78b0f7579c3,0,6
1686,b47336d79bed73be3e3bb876368e2635,0,1
1687,b47fa98e06f3d86c1a8f422f90b56fd3,0,2
1688,b4ff2e1a09d3085516ebf976591d6c77,0,3
1689,b51c9d83b60909799f32037a51a579df,0,1
1690,b54814aa29378525789f5e78a575e7a8,0,1
1691,b54b26492b827121e67fd4f04da2d709,0,2
1692,b551529d8e1739faa4e588cb889db996,0,1
1693,b56121ab9448b83ab0fc86ccb10a849e,0,1
1694,b592464d088386e1b64fec08e6fd2160,0,1
1695,b5a4a7a5b763b84e82b0ab92d26aa225,0,1
1696,b5bfec3ca173141620f3e8c01ecf4a19,0,1
1697,b5c8c1b51c1be25b6de31a723d341247,0,2
1698,b5cea1ed386d4e915a32ca41bd12da6e,2,0
1699,b5db22f2b340616d278f9312df6483dc,0,1
1700,b5fb1fbd43c7aac9741607c506fef228,0,1
1701,b618728566dc54911968d1252d015200,0,1
1702,b61d31f87a0d9f75689577b189b51551,1,3
1703,b66b24cc61d1f05256980a638ecb83cb,0,1
1704,b680a1f1029973fe8252996a9a036677,0,1
1705,b6a7a808b625bdd308475513b3ceaf32,0,2
1706,b6aabf132d62b1961273bd973c528520,0,1
1707,b6b3bcf94339a084fdbc6d9a8548135d,1,0
1708,b6c4f12f94fd9c284ac649b944c12931,0,1
1709,b6ef6558a33119e35f0518679b2a06e4,0,2
1710,b6f91a4b4feeea60934b719685d2379e,0,2
1711,b700c631f2e7c1eeae59925a10d72ba5,0,1
1712,b708857145d807788b0880c4ae836582,0,1
1713,b70c14f88379b0cf5885d19365071146,2,0
1714,b7426a1efe3d8d7dd8e434847d6be5bb,0,1
1715,b7b1131ff63991232d9d4c207973dc09,1,0
1716,b7b7c5b760c76f9893999aed04595af5,0,1
1717,b7c43a5e2e300053708ce05492cd25c0,0,3
1718,b7ce253d21c322f74631e08f5ffa88cb,0,1
1719,b81333993b6e8b55378a288a9051cdb9,0,2
1720,b81b0378246e6940d2910c4af3095d2c,0,1
1721,b830117a628e7e3ebb701b928ee88a48,0,1
1722,b832eef5dc1269218c8a32bc0372c69a,0,1
1723,b83ef09183a8578ef84c11bb2501d622,0,1
1724,b847849c10e813091790cfa2974abfdd,0,1
1725,b84af85454bd26d04ae1e9018902083c,0,1
1726,b860dccc76be9a0b9db2ead7a9516df2,0,1
1727,b8811b05788096f61f7bca80222cab3a,0,2
1728,b89fd1f9b514144e0e142cdead54ba51,0,3
1729,b8eba246753de64da0667b3b78c6c7a6,0,1
1730,b8ee63ded23062f57abe7c6828879bd3,0,1
1731,b96f4c7fbe7808a202bdd43109b98da3,1,6
1732,b97669511b01399a81965fb1d943fc6a,0,2
1733,b9aa4ff570141ece853f5f9c96247636,0,1
1734,b9ba98687b4e502db70c261f873724d7,0,2
1735,b9db8ed5776a92ab4c3d9e79eb061722,0,2
1736,b9e1d9bbe7bf4b77b46c6325d5791b19,0,1
1737,b9ea99d7397a73e6231aa1cdebc0dc4b,1,0
1738,b9eb845d9182b9c7df2cc973bd3dda06,0,1
1739,b9ebe79310a9d5b5fb275fb3ba50de04,0,1
1740,b9f6883307c43903e7e288e46e9ddb80,0,3
1741,b9f81ec320f7f074e32f850d1f552aba,0,1
1742,ba0e45f6c694db5b45370503a9d361ce,0,2
1743,ba38e063b71217cac8ca2bbe44e5fe5c,0,1
1744,ba507effebb64014b5324dfaf8e18f23,0,1
1745,ba5694b0fd9eadbda0617fad22f86473,0,1
1746,ba8330ab36e34b90f047ec60f36e974a,0,2
1747,bac17ec49aedf0f3daa50727e90bd0fa,0,1
1748,bae14a5affab3cf28e0b930f3a213dcb,0,1
1749,bb74d65a835bcfa4735ea25ad184cc08,0,3
1750,bbaf0615a36cb2e458ae91137c5c28a4,0,2
1751,bbb7190a70c3c3b4513c396a8eb5c301,0,1
1752,bbecf863475d6902cdb97634e803cfe1,0,1
1753,bbf2662ae18cd7828757bf38b31dd737,0,1
1754,bbf70d9fd4cc729982c165b98b957510,0,1
1755,bbffac76c83c4dcfa153d702c43c3fe4,0,13
1756,bc0446655e6f5c3bbd648d93c7bb3d17,0,2
1757,bc0dd2af76b72ac468014049681c3c96,0,1
1758,bc1c7d605f01d999d470ac495a403a53,0,1
1759,bc1cd6657c001c53fcdb62e7020c709a,0,1
1760,bc2312e3f4905d5be72ea9f7434bfa58,0,1
1761,bc599d45b90b1aac280616dd94376b9e,0,1
1762,bc76fb7dc444d4590a21e5ed7a0cf3cd,0,1
1763,bc8b03927701fb7df1631a1143dd3b72,0,9
1764,bc979993415e11688c21736f39a18347,0,1
1765,bc9df3a71be1bafd24dd6d39e1b7fbc6,0,1
1766,bcb0e47735ba4e6187016698287aabe0,0,1
1767,bcb476ce76b4e9e2865acbefc9693577,0,2
1768,bcf8835d5b3b051b6f8051e71f5f226f,0,1
1769,bd088f582662df90efb4803551528acd,0,1
1770,bd1674bec2fc4b8ebc2ac46c264d7d48,1,0
1771,bd2d63e672298a6d60e9c55ed0d188e5,0,1
1772,bd42e927d5e27408fb0dd0b4ecd1be33,0,2
1773,bd52cbf13af172f8b7fc7cc532334a10,0,1
1774,bd5c8e55038ae58da0b7a10cfb2f6a67,0,1
1775,bd6931512b7ffa8fed35b93e9d54b162,0,2
1776,bd763abe17b8d2e4ecfab427cf2d5000,0,4
1777,bd774bb0f5d9c8b2c3356e309f901309,0,2
1778,bdb6f71e8703c0035b9851d31bb6b27f,0,1
1779,bdc4ff3974f3225f9ef1441be4664199,0,1
1780,bddb69c2954e469eaa5f25b8b3f14c8e,0,1
1781,be028c0705deef611ef5c9ad79917eb2,0,6
1782,be36e79b01983ac28f1a63be33a96ead,0,1
1783,be374a5f190d4e54001fe5bbb68da80e,0,1
1784,be3ffb356cbccdb2cc0cd42203b0bd98,0,1
1785,be45447f7177130852c11867baf4e15d,0,1
1786,be55438d0196adf1ce45acaa9d5e50f5,0,5
1787,be6b5e58b1624885a130edd3a9f1c75b,1,2
1788,be7683de52fb4e413dd5c858183a7bc4,0,20
1789,be9eb4ca2bea866226b811490ae8efb6,0,1
1790,beb4765cba1885c4c497ca9466ddc787,0,1
1791,bed9c09dec061838ab42dd798dd12ce8,0,1
1792,bef886ceeeb868695070e15f3dae897e,0,1
1793,bef9ebc2c5c02aa0b30ca44add4dbd69,0,1
1794,bf1347fba591458026f3afed298c6915,0,2
1795,bf260f29b87dd6600af9a27c975bb663,0,1
1796,bf298b182159da6f6be049d09ace17a2,0,1
1797,bf6c3529598c4d99ee5aad6e8bd61d99,0,1
1798,bfab1a1babf1d70048cc2ebec0f15358,0,1
1799,bfd7f51cb8d6f30c6bbfeb76449074c1,0,1
1800,c020b7688116c62671546f72c0008050,2,0
1801,c037516be28b645311e024305102074f,0,1
1802,c03c0530d1c403178de39717204d04ab,2,0
1803,c05dcb9325abe92edce7588682349d9a,0,1
1804,c07769b5518450af62e921d0565e2ec7,2,0
1805,c0d0a82f429b3514accb049f4ba0b735,0,1
1806,c0d0cbe6151b849eb7252453dc2db58f,0,2
1807,c0f19f42aa7f4229e4e1f5d454e08b70,1,5
1808,c118794c819901ce9433a507b11b388a,0,2
1809,c12a042115e1bdd07b46a561dfbe144e,0,1
1810,c13f568a07f4871f48cbf60a7ac4dbba,0,2
1811,c1ab7183ab970c1586cf0078f639fe12,0,1
1812,c1b2815996391c43151d7c78ab432da2,1,3
1813,c1c3eace28419b37baa305f215e1f960,0,1
1814,c1d174d83674f9312f74ce0083595821,0,1
1815,c1e4fa427543a619527482c3754645db,0,2
1816,c1f146caf738e29c1c9dd99017f4a072,0,3
1817,c1f354af3cb2fcb64ab3d3926a576dc6,0,3
1818,c205915434de425210846e25e2f8b5b0,0,2
1819,c2450f278fa29ca867f5a5e453fb78ee,0,1
1820,c24b970be245655f0889845009f0dd82,0,1
1821,c25f8cbaf5ee30abf5cce04874e5e8c8,0,1
1822,c2688455a9f32085a2d5c991d828c2ca,0,1
1823,c2729835a073402495bb0c0471795e2a,0,1
1824,c27b346a986681c798d80f047adcfd75,0,1
1825,c280d82793b3526dacf6c8cc9cde6461,0,2
1826,c284f4a3693dd0cf9f449c0175dd0b0a,0,1
1827,c2b4c7a09e2ba675d15ffce20b39d1c3,0,2
1828,c2d9bf9700791e03a4d7e86dd802e824,0,1
1829,c2dca9a7725edd8fa069c46a66f4c147,0,1
1830,c2e482d6541b62a7f0dd5adcd5847923,0,1
1831,c2e57198e7e5bdaa275334dbf6f9b9b4,0,1
1832,c2ef623cff4f2e7aaa8923f0c25583cc,0,1
1833,c2f37ad2142304dccb6e8a9c70c737a0,1,0
1834,c360611970acca3096827749cf077c20,0,1
1835,c361175383d181c9e75b704fbc172f40,0,1
1836,c385b071de5e9c212079a5deca1bdb6f,0,3
1837,c3c5b7411c32d5ad8283c8b5e7e0d91f,0,2
1838,c40c94fec0fa20e9771e28255fbdb95d,1,0
1839,c412854276a322a53937cf93a4f3ea8c,0,1
1840,c432c59366309eaee70f26cbfabfc49e,2,1
1841,c474556f8899706890e2cb48f3eded17,0,1
1842,c4d4f64e3aa21c88a7df25ee84d65d90,0,1
1843,c4d791c7ab9a6682e76b2c86c61f6b1c,0,4
1844,c50b272575027fd077c34834da9dbfa1,0,1
1845,c51ec861c77adea1b3dee8bd238d2822,0,1
1846,c56e2b6b385e3f439f77c581465a58b1,0,2
1847,c59ab8f44140b9376bfd63d589d4f264,0,1
1848,c5b3290f2a4ffb10973bfc081d0f3958,0,1
1849,c5c3e7d10c7c20c2a20f2b3de36e0799,0,4
1850,c5e925046d2c73fc9281cd682f5727bc,0,1
1851,c62087b8ecf07153fbb50303dc2364f6,0,1
1852,c6c6ac2917675c223cef074cca3f1b9d,0,1
1853,c6df8e9afcc85208ecf4ddf1e46af7c7,0,1
1854,c6f651e462aad857b00c1880792a9da7,0,1
1855,c6f8d15f8eefce23c66b80c17de74f98,0,1
1856,c7099f26e1db36c7f002e6df2c3066a2,1,0
1857,c711f7573333ac73ab938401d1fb3f19,0,1
1858,c72c94784687726b02338602e027e46e,0,1
1859,c730e9f15354f7546c7886e9584a37c1,0,1
1860,c73cfe06566fd1c513f7fafbcecb5404,0,1
1861,c7479fbd9bfadef964e0ffc8d4d6f6b9,0,1
1862,c763cf4fbdfe1c45d2b820d1a9bb3aca,0,1
1863,c764919a3c47d820d3034148f24e7ce3,0,1
1864,c76b620f920eb6bc9a57611ac6f1ecbb,1,0
1865,c7a52db6cf7f535db83276e12dd35cf2,0,1
1866,c7c1bf48e80b40c428c4d3dcd5128a44,0,1
1867,c7e19692b7331c640813e84833f556a3,0,1
1868,c80493bbaa12e821d5d6848e41147044,0,1
1869,c80eeb61948ce1c7358eb7a3011c0f3d,1,0
1870,c84640e02fbd4b7385d9678144d2665d,0,1
1871,c85c2bfdfcf9a57974f36cf9da08b625,0,2
1872,c8719776bfb1ea3393beaffc441a1e5b,0,3
1873,c87637ca5976c711f46d65331903c9b8,0,1
1874,c87d3c97eda25f097650f9a97357e804,0,1
1875,c8be5ad894f65ce88358aaff4657daa3,0,1
1876,c8d8b7fe40ce15dae49cc996c3d1e679,0,1
1877,c8db8dd17a00aa1f6b5b14ddacec488f,0,3
1878,c922baf7c69308d79b2bf9d95de642cf,0,1
1879,c97b44753d1689bb62620f6b561c5022,0,1
1880,c98a458dc3d2b4df18746e095218d906,0,1
1881,c9e9864eae5059dc810bc0a849d4a7bf,0,7
1882,ca09a465dff4c82efa2b24a6527c4e80,0,4
1883,ca37ef1d7399740f43c320f8c2959363,1,0
1884,ca52b3830277683487240ac55cfe484b,0,2
1885,ca5dd27d3a6ff59a7ed77a76dc6c82d9,3,2
1886,ca8241ddba103543bbb599b979d6905e,0,1
1887,ca99774831aee820bd5e12144b5dd791,0,2
1888,caac932816ed0fbc4847d97c8f162987,0,2
1889,caaed34371155883181b14aac4a17840,0,1
1890,cab2c5a8cdb663e21fcb6cc2935f18a4,0,1
1891,cabf58bac4144203f6b1214d72f1964a,0,1
1892,cace15167840aa5432af50d1c0951ee0,0,1
1893,caedfddea6897dc003b4454e1bbf0ded,0,1
1894,cafbf68f9e781d89a3946a1ca963a014,0,1
1895,cb14c74ca5db87d64a4e5dc18734ab7b,0,1
1896,cb1b7164bf9a46c8158a7774d58572d4,0,2
1897,cb2988b0e4717a2eb03b9208336d9c1e,0,2
1898,cb69e530f28602c128571f92b1971e3a,0,1
1899,cb78c476d0dc0c7337f8e48cd033d7c3,0,2
1900,cb7a37e8cb0235d14af8ac3b85817f9d,1,3
1901,cbafec0550d4794a91945f0c77d50f06,0,1
1902,cbb0ff8359edfc93746cbf15e0c32a04,0,1
1903,cbcdd8a0aad1ba8f42f2d03b0b3e8d5f,0,1
1904,cbd2d635464ea5083427dd32b641c33a,0,1
1905,cbeea99b418b62aad6d05eecc091e6c5,0,1
1906,cbef83cf3d6badb94d502afe8e1fc6da,0,2
1907,cc13c0ce83c419197df97599fb61733b,0,3
1908,cc1b693317bba1e89edd3b2d5d6e38dc,0,1
1909,cc938a73bebeab10d580d0cc18bf4dc4,0,2
1910,cc9acbb0a2fc8b60863ac5b8a827e9cf,0,1
1911,cc9ace3f4b270a3f2532ce6c56841954,0,1
1912,cca678b76f2da8bcfcd4882af5c2a0fe,0,1
1913,ccae2e5e428df22be8186b4308389d23,0,3
1914,ccb2a324c23ee7e915b1986ee631a579,0,1
1915,cce12fe5802dc53cb15370942c2ac1d9,1,0
1916,ccf6e8a5506cc8c116aa92286d6bfe9c,0,1
1917,cd2e73a9ebe629937c1f4fcec734fdb5,0,1
1918,cd92a44fee4dbea484f4df16c5a69858,1,1
1919,cdc2a06e76c592225d94202b73a524f6,0,1
1920,ce087f1b0944bb0df1d03912f377ca56,0,1
1921,ce40cef457cec5e3242c981b3179c209,1,0
1922,ce4c97edfce498c35f48e8bc0cbcf21b,0,3
1923,ce614ecf67b91b806d363f7c119c571f,0,1
1924,ce704c80a5bdc3a94c08af9665f1af30,0,1
1925,ce788199463d1a745182976d6aca8f23,0,6
1926,ce968f61599176268890eb1392f1a48a,0,1
1927,cea7922944ce6eda469c3ec5706ffc1b,0,1
1928,ceb2c4e06b54b72f5434ad9aba3622ea,0,1
1929,ceba0f709c5f30e6ddb25aeafc5b2ce1,1,0
1930,ceff462c7b9cea2f3c46282034d198fd,0,1
1931,cf045a58801a10b9d41c4eff4e056404,1,0
1932,cf0703699e181310d3e891b38c366caf,0,1
1933,cf2fe0158acdd9d1ea88a2cb40b52bf4,0,1
1934,cf59945ecd8bf4685093386ac8a93783,1,0
1935,cf75ff38282b7b6fc144079274a07e51,0,1
1936,cff6495e7fa407ed6aa9bbf9a2219423,0,2
1937,cfffdc57068680c8175eeeedc90de5b3,0,1
1938,d0010f00abc49b865ab89e190153fd60,1,4
1939,d03cdaa097dd403da21d06f15d4efd54,1,7
1940,d0643eb51d41ae982ed2d116b6a62c4f,0,1
1941,d0670eed0bf278002a2399684c672442,0,1
1942,d07278316e60ddd07c2df31100aa890f,0,3
1943,d0c5c4fe30d993038180ddbb5702f8e0,0,3
1944,d0eb70ab8b7e2d873e81b3c378b102ad,0,1
1945,d12eb201e5ace8d94dad7189dfd9eee3,0,7
1946,d14adab409386b1d3ea853ab882eb61e,0,1
1947,d1554f8b9d57465d0965085c3e34fa22,0,1
1948,d1dfb23a7a6d3e7d2beee8bbfed97e42,0,1
1949,d1eeee8530a7fed95a8c7c07093c1b47,0,10
1950,d1fd8206d9d3a32496ee6524b08ef3f4,0,1
1951,d20298f9df1ad7ac2ddadf3ad878b906,0,1
1952,d2214e70340a2c567b3bffd7f322cc46,0,2
1953,d2546ad08c3ec855ee07d95f7bb8ddd8,0,2
1954,d2576ee825adf469b284449a37af9c07,0,1
1955,d26c65e2b3c71e23a8acde52eec9be85,0,1
1956,d2715231f7c4c450e0e84284b85d5421,0,1
1957,d297a785dc74e79bfa248738b3e24285,0,17
1958,d2da83be8088ab09ec34430982222e2b,0,8
1959,d2e1bdbcacfdd39c688a4a30be967286,0,1
1960,d2eefd5ac698a2c50139b39938d39614,0,1
1961,d33208ad5374d68f1533ab2546da625d,0,2
1962,d347138ac5d2719b312728ab8d47ab66,0,2
1963,d37153acf05a405e0ea74afc3114c7fb,0,2
1964,d380f166344ef92be4f15e8e7f29fe40,0,1
1965,d395459873ca71ebafcdf3ece41a0050,0,1
1966,d3d0b9ceb326d2efe136026c478ef933,0,1
1967,d3f97f9dcadbcd7872fcafbb445afa2c,0,1
1968,d4169bc3204ba745a0ab8fa8e560dfb3,0,1
1969,d44b0bd7f6fe82f9328e487affc59740,0,1
1970,d44f0d1df7b09337f35494922e187d7b,0,1
1971,d4853b98d1fbe4fa4bf12fbda38a39db,0,4
1972,d49d718cc256c0fc3775a2c7a23af59c,0,5
1973,d4a2c554f706d3c6c3c195903935f2bf,0,1
1974,d4a532c06033985cf1df6d8d60493ff4,0,5
1975,d4a6bbf7c759049d9c57b279ded6c2bd,0,1
1976,d4b0988fddeff15145c61dc94c4bdfb7,0,1
1977,d4dc00f773abda658106fabce53d25db,0,2
1978,d4dda2fa5b07b11d09b6d9bf38be0cab,0,1
1979,d4de95afefa0ae708b8e2db27143fd90,2,0
1980,d4e2070916b34b9f1b02c79b6e29fa72,0,2
1981,d5028f1ff15dd917df9d691d4429a0e9,0,1
1982,d5051a121dade5ac560887d2b6de1587,0,1
1983,d5504ebb4c059add33b1b8898b7c21a6,0,1
1984,d558c6ff1f79774f974c87219f1ae210,0,1
1985,d56ea77cad59f6583cfc24d8e70d74ea,0,3
1986,d582dc96bb567b4075da1b893a1d4152,0,1
1987,d58547c122636c3f7a7151222ef5de21,0,2
1988,d5ab32bab1d33d3f7135979c4431420b,0,1
1989,d5c8c7acbb0c33b0ac93603f6135a19a,0,1
1990,d5da910cb95fde24f6eb73ff59630fd4,0,3
1991,d5eb5c44fb3ce7d7454902806c1ae542,0,1
1992,d5f3bc57b5d6a1df88bd6d29d49c3583,0,1
1993,d62c1ed488d0410116f2ed1ff0be4c0f,0,1
1994,d6bceee86ac58315312979d960611393,0,3
1995,d6d337478e1801ba987066545338b3c1,0,1
1996,d728b6468e9e243496a487325368d34d,0,1
1997,d741ad6bf0cdc9e937cfc819ec3b6fc4,6,1
1998,d748bb1b39bfe1261a7fd66093afecba,7,5
1999,d77a03ac19f496cd65baee7bc83c736b,0,1
2000,d783d8bb0ad52d53f4116b8bc3a5287e,0,2
2001,d7a726533e098fc401d22196f6d07a1e,0,1
2002,d7e1edf5d71870239e5f1c41909b227b,0,1
2003,d7f907700a3c45bbbc65a61740c1a33f,0,1
2004,d809ad5a23e5d09eac1abe1c9e5107a2,0,1
2005,d81c1e19121f1768e23ede8f749e114f,0,1
2006,d83137dbaef7687c2b927c8e6ac2bc25,0,1
2007,d8421b2caa3a736e4edf076e63760571,0,1
2008,d88d97b9e4dcf52c18d47835779c2072,2,1
2009,d8a36324a5ec8104449b117142baa204,0,1
2010,d8ba5bb2708e37c4ab8c58572a975263,0,1
2011,d8bdb642794cf55a1c4249674227aecf,0,1
2012,d8bfb7b7e45a1b95914cd775d6b2194b,1,0
2013,d8cb7e255728747f204377548973be89,0,1
2014,d8cf4e667268624cad2a1ec155df46ad,0,1
2015,d92a6ee5e8bde05f7a8d04e5b3ad9d7b,0,1
2016,d94cf5345c85c225687e365bb9745895,0,1
2017,d9775538ca4438feb9821a73e5dbee21,1,0
2018,d989996562819a9682a9039ad1df7aff,0,2
2019,d98bef62f947b2d38fafbad70407d6da,0,1
2020,d9a063ef6cbf0216e2c3be28009068b9,0,1
2021,d9b49ff2383578b6a23d2f2e33a9cea6,0,2
2022,d9bdc8f8233b4cfb77060a78cb803f9c,0,2
2023,d9c66927392e74d074421d81eac8f394,0,1
2024,d9dab9859816d72803614aa86c9d6c55,3,0
2025,d9e32b09a630bd3d6af06080b3da3d14,0,1
2026,da0c6835b50d09d2819ea70e08c89bf3,0,3
2027,da1801a3c26096af33802d6aa7ce4882,0,1
2028,da7d5a7f7f73ecec8f72c1f852d5ae1a,3,0
2029,da8c11d0af0f216ec34192bce9af6017,0,1
2030,daa30ddebea55ac0fd9319d135944a6f,0,1
2031,dac146f423936317bf5e3e1ce1a3ed7d,0,2
2032,daead785d82ec0e65e0268a81d0b8122,0,1
2033,db030b684fa030fd90d3149d153521ae,0,3
2034,db1244b48a5d5f58ab8c2d56ee4643e8,0,1
2035,db180dd179fe11af0364b596d35fe944,0,1
2036,db3747f15e8c0631e0b15dbbd5a0d351,0,2
2037,db3933facc8e63b0396218f74372f849,1,0
2038,db3e61a2901bbee515cc7dce06e9c680,0,2
2039,db5e4fc992133f55987883c6cdea7ace,0,3
2040,db8e189b2e2efbaf3769584071dd569e,0,6
2041,db93bcd6cb544e798bb07de95b8372fc,0,3
2042,dba9cdefc48a42b65b7862291b0ba05f,1,4
2043,dbf11043650193296053e81f8fcc9f8a,0,3
2044,dbf5cb773865c5eabb97c09fc5734c32,0,1
2045,dc0647e51d4ccf6967f2304543ee9d6d,0,1
2046,dc1a0ff66697480d45447869a2de5f65,0,1
2047,dc3973b0fb1582431bfb34f4349842cf,0,1
2048,dc3ae3e4ef3f52f0ffd9c505243ff94f,0,2
2049,dc442c2e2b7af38f121ee903a14839a1,0,2
2050,dc8fe20f2e4884337393ce3c3c330cc2,0,6
2051,dcb7f3e85dea74942bd51148f97d23b1,0,3
2052,dcb8b9eecb6bf4e8dc6dd0afc92e8f05,0,3
2053,dccec4083257b775ebb01a4abcefa944,0,1
2054,dcf9d965b36163a0fbf3e8a708ff2272,0,4
2055,dd050cfdbfce21696d5f1392ba411fe1,0,1
2056,dd082c8479c8c77262a515ec4502b1d1,0,1
2057,dd1ec49f5fb2b1e85f0a3bb7059495e2,0,1
2058,dd2e1ec59f58ef885327f428a384925e,0,1
2059,dd558246a373751c46414b8614c98a5f,0,1
2060,dd6840554c371949b06a7db506159f32,1,0
2061,dd78b2f171578793184b178a220f263b,1,10
2062,dda5d0ac6dd1419af08bf865b9063f26,0,1
2063,ddd1fa8a1e4d3bec10bdb7a6f56d1b96,0,1
2064,ddd2a23b8fca91c23a736b18d1b557e4,0,1
2065,de344039e42f0139f678853ad2414270,0,2
2066,de3bb7278e69062d9c7101e048547078,0,1
2067,de3d3f4204599fad7da88dab984dcf45,0,1
2068,de556b4a98e2c896e6f6f684c202e40a,0,1
2069,de62f05b0bfec9dd66436f1854545ad9,0,3
2070,de63feb21c19ae5452a4d3936d9857cd,0,1
2071,de69bfb3a6aef9e8e842d18eb57e8760,0,1
2072,de9f29190ddf2c2dc00f759f9352be9b,0,3
2073,dec44d2cf071e2472b9c535fb4eb1952,0,7
2074,df356b7c98fda3d7c370db228667b529,0,2
2075,df5bb68a03c03fe9430b31a1cd893fde,0,3
2076,df6219fdfaf0bb28305d92c42bdb21fc,0,1
2077,df8cebce0ed85ba43f93f7f2020862bb,0,1
2078,dfaef1ec47ee3ffa060c128b8cf89f10,0,1
2079,dfc9c5b0965f047e22f0042dd0d0bfd5,1,0
2080,dfcc1df02b51eca9cbc8766acad29cba,1,8
2081,dfe7607bd1adbff5510facda85142810,0,2
2082,e0156f5e7dd7cebbbd68a10803a883ed,1,0
2083,e0180abb1a637af9dfccdc1d94481a2c,15,0
2084,e0328e0b19b800a4bdca8a6b0c1145ea,0,1
2085,e039f4194a5d1df3c29ddecb7e4e35fe,0,1
2086,e05301c076f14e70c66d7d2b565f806d,0,1
2087,e080f24c56e573bb3d6a8d97beeebd22,0,4
2088,e0959daeace663c17b1190cf2041780c,1,0
2089,e0bda85c6d3f3d5aac07f3e66f255bef,0,1
2090,e0c36ca424cec63c3653c1fb9b5b433a,0,1
2091,e103ab78baa6f79552db45237b6e0d64,0,1
2092,e1062d4b07d38984a6be81d6061f5bc4,0,1
2093,e10816eff9b514803ba7350d7f81f236,1,0
2094,e13652e4c8cac661495f4c1e5fb336ae,0,1
2095,e1577479e747326f0550834e53e0877e,0,1
2096,e167343bdd351c2d01c9c582a7615aca,0,1
2097,e16b3b77e22105ea4dde9b8e078c4508,0,2
2098,e19bc4561a216466013ad193037a795c,0,6
2099,e1bd1a2f84969aee36b35826956010f8,0,2
2100,e1c691ab7858c00f5396db5489fb9cc6,0,1
2101,e1dbfbe7e52fa1f5e84c1a0e7fd333bd,0,1
2102,e1e3657f665211c924ecd2108c6dc0d8,0,1
2103,e1f29d42cbd411edefbe4e3a7ffb716f,0,1
2104,e210916e2f1d5db739e8036de97e0ef6,0,3
2105,e2202a7e126f638b4f18002ef29f6593,30,100
2106,e22c0299bdab42f825b2c5813e7df9c8,0,1
2107,e2450d3bda071d6511551cabab3c3f6d,1,0
2108,e24c7d2a89687baec66e67253310e189,0,2
2109,e25f6ba6eb41479f605e0aefe28bae7d,0,2
2110,e2958ccf52b7d6af77cf25dce5431c87,1,0
2111,e2a10827f9bdc51c736bfa93dd05c8d8,15,93
2112,e2a4212d3d2053db83c02a030144bcc1,0,1
2113,e2b765cdcd620e359729056d2d44a18d,0,1
2114,e2cb0c6b003f5d677d014b5db1136714,0,2
2115,e3059872c67eedc1bad2d37b1126eb94,0,2
2116,e33b65c6f34f54b3b8ec331fd30d7e09,4,7
2117,e33d127e7fa947c2e7e8ce76c609e308,0,1
2118,e3729fa1ca54e4ba97670a7d5973ac2c,0,1
2119,e37936f9335b80a089ab4389c0916868,0,2
2120,e39cd8f455a600d8b1c218d77fd685e3,0,1
2121,e3aeec972c13ebec63b7e8073a3fced2,0,1
2122,e3d5829246396b184f922ab760114cd1,3,7
2123,e3f6ecde52fd09db6dae686209eb0be5,2,0
2124,e40afaf7330f87e33fd33607c6eb28c8,0,1
2125,e40f94a94795ee4da27dbba86f8a619d,0,2
2126,e45ade58417249638fbf6ff3bfad0adf,0,1
2127,e45b3913876033cd05da80831e0c9335,0,1
2128,e4644c47696c992937e33d7b07c0b05c,1,0
2129,e46d9db62438861787da2a74d0bbca51,0,4
2130,e4a75a4c4374f62b09a303b97cb61e76,0,1
2131,e4cec7da0785fbc98e38ff7fafaa40a4,0,1
2132,e5236b5ffde53be86087cc40971010f0,2,0
2133,e5249f58e79970abcfb80867ecdf3977,0,2
2134,e52f5116505e412120a496ac6126c7ef,0,1
2135,e53692f61834d73bfa09b2bedc1bcdb2,0,2
2136,e550026d981fa83853699fcea7db7ad1,0,1
2137,e5524ea1a154581e2b12c36478b867d4,0,11
2138,e57cc8816d9aff2dee0bb2817717da53,0,4
2139,e5b0d430c8529eae8b704ee514ddc576,0,1
2140,e5d438d5644cd855051092d15f531c8f,0,1
2141,e607211af0181726eb63d128f0f78f60,0,1
2142,e62d698e62879454cbc2d063690a19f3,0,1
2143,e63a96d017c3dc3800f7a19c312ecdb0,7,0
2144,e6471a257e31083a03cc7069c237e0c0,0,1
2145,e65d57cd0592c5febe8863effcc1f693,0,1
2146,e665a00cce770eadcfb643921b01d1f3,0,1
2147,e6b15c580d2b25ff262ebefdb295de94,0,1
2148,e6c3fb66ebfca2c962c9696a37ec3569,0,1
2149,e6c42521705513f12f55259d2759031c,0,1
2150,e6d3da65c680c1d87b5f58b25fd289ca,0,2
2151,e6dc108826988e95a8dfbcaa08d5aee9,0,1
2152,e7150ba6f9118fdca2fcf2e6fc1c5cb4,0,1
2153,e72db1d05b93df54f7aa73edd24dcc80,0,1
2154,e746b2b75fc8934854afa04f0149ec52,0,1
2155,e7694a8d123b094002a0176217b0db01,0,1
2156,e78c734a1dcdfae225005f2a0408ff62,1,0
2157,e7a13ebaa9fa8998a144b4baa806015e,0,1
2158,e7b0fcb7feba8728b53479b53b0584a4,0,3
2159,e80ab97ab9968db04cfdc26c9073a81d,0,1
2160,e8130d3eb19fcf3041e7c8e562623f87,0,2
2161,e82c36bc5397dc1c9937c42728a0398a,0,1
2162,e831b1715de60da4b8a403a180847c02,0,1
2163,e899d6d19bd6fdc584c5907e1a4ba079,1,2
2164,e8afc215bb42629fbcafccf264428165,0,9
2165,e8d0ac38c28d8b7965126bd2232d3811,0,1
2166,e8fc79dbcbf2addaf5aba073971d98d0,0,3
2167,e916dcdc620a79840a05f0aef7d0fc95,1,0
2168,e91886c1434545031943ae920e3200d4,0,1
2169,e937e7306016df53d4a58d708a601aea,15,8
2170,e962746c3dbae8e87c40628fb1b5a183,0,3
2171,e96adfe0018302b65a02a37a49a71c7c,2,2
2172,e96c0e5342295227c859f56b25bdc31d,0,1
2173,e9ab377d07af973121356017027cb4b9,0,1
2174,e9c9efee0519d63caab87bcf08ab559c,0,1
2175,e9cf6119e3613ce8ea773cedb245cf45,0,2
2176,e9e814c97b8152a2161cfc295baa0a18,2,0
2177,ea3be625586a72550caf0b1132c4f62d,0,2
2178,ea3e37e5a5534155d563bc5956eec59b,0,1
2179,ea97a6d1f9ff08adc44dbefcc7b5c325,0,3
2180,eab3f4c0e195455e140fefaff122d804,0,2
2181,eab79c6fe875764f225e0d1572a14977,0,1
2182,eaf1aaec1151c2532cb86d3f3ea5cfcc,0,1
2183,eaf505f6af1dc902dfb946eaeb639cdd,0,2
2184,eb178e649ea422a4c6f3ff7ea6279e99,0,9
2185,eb3d11e0e1b5a80e2cb73ed476e676b3,0,1
2186,eb8f58f6ed5a46a61d262e5295e29908,0,1
2187,eb951c9531de528d036321cb0758e3ee,0,2
2188,ebaa9e2d6ea445c60b6d7473f9323b8b,0,1
2189,ebba77797f01180105369be4065c3ef4,0,3
2190,ebbf1eb77ea798b94dec740a35694790,0,1
2191,ebc6a4651f32358c3a9743326f33be16,0,1
2192,ec0b1168d2f29fe2b7cf9984140165a1,0,2
2193,ec18149d62e546b0e78bdb9f93e40db3,0,1
2194,ec2b9adb4cf2c97b919115ed3e2d2c46,1,0
2195,ec2fe48a9ac53105825dbb05681231b5,0,1
2196,ec2ff5aa033297c5a407c8aeb0d6ec48,0,6
2197,ec629c3864b3f5e01434c3d9fb3443d4,0,3
2198,ec69518ed57a4e942380e28122ad5f5d,0,1
2199,ec880d1d35de5fb778bda58d7997d10b,1,1
2200,ec8b0f527e9739dc8daaa3a1fa40dede,0,1
2201,ecd26749fff5c01d92b96f1ff2327f1c,0,2
2202,ece677d250ac4d2575ddc83cff076ff9,0,1
2203,ecf0a3d164bcec0cde76734574d32597,0,1
2204,ecf1b9bededd248833bea5d74678aaff,0,1
2205,ecffc444a7e22e4630a2e62632f0048b,0,1
2206,ed17dae97847a12dba16535f9d8e9359,0,6
2207,ed1b4a6fbd84c7fff3c35083c0a80a8e,0,1
2208,ed31bf215b79a0c4d592618d87bbcc2a,0,5
2209,ed455fb4337a6935a3bee6f3ece36e53,0,3
2210,ed46c7deb0617118aaef061dbb5100cf,0,1
2211,ed48d549d8133ee68825c7f733875458,0,1
2212,ed51725dcc69d9661f21cbad4bbb7260,0,3
2213,ed7ae32e5c58fa9ba1bc21d3f7b8ab66,0,1
2214,edc8fadc52ec834595b479b824fea688,0,1
2215,ee06a333e9011898ab780fdaad67a2c5,0,2
2216,ee62562bf495694fdd99cc59096177df,0,1
2217,eec158617daab8c9f481e637c8468225,0,1
2218,eec8e555d0e177e40bc7ffa8ece39542,0,1
2219,eedc720d5e7062d288da56e8707040ea,0,1
2220,eee785a2d076ff25b5d3deeb6a502d1c,0,3
2221,eef0bd710a858ea60696fcae4352c554,0,1
2222,eefb32f29dd0ddb65c0c95256b39802a,0,2
2223,ef3960f83c76db22f87077d51d01c7f2,0,1
2224,ef3d628e8303103b73cb838e24bb1992,1,0
2225,ef41b0b43e5179e5c0992ebbaa1a6839,0,1
2226,ef456e26ed588f355d36656b47ce26b7,3,4
2227,ef608d82401532086420d6a928c217a6,0,1
2228,ef6a50e9016ab2196c693345fcb8505c,0,1
2229,ef762c47e873f4fdeaa4a7d864bd471b,0,1
2230,efcbd15b2abc0e8f590ade4d270bf974,0,1
2231,f003bd969d3b15c3e47b1e67c5abe0c3,0,1
2232,f00d48e2cfe4a8868ae0fbd7dd85b7f7,1,7
2233,f020947f34f713e885ce08c0f28d47a9,0,1
2234,f027058f5a483a355231d43589f1334f,0,4
2235,f04dd1cb76e217c31439ccabeb0f26f0,0,1
2236,f05dba4d4bab1d92fee2be130b9c8d2d,0,5
2237,f0682ec5e32ac21f2680f486cfab1636,0,1
2238,f09cac258ab23c86dec9be89ee3a8111,1,9
2239,f09d7e6c1cc45f72eda301c148019058,0,1
2240,f0fb024321f7d40216806fd5b25e9f34,0,3
2241,f11e4831f039d53a87299fd211afa2c3,0,6
2242,f12fa69f594874379bb9e9f458823964,0,1
2243,f17472a9a7ece6346693ba8e0aa9cc0d,0,3
2244,f199c453e9766f0a0d8f460cde58b7bf,0,1
2245,f1ace92b8d24e773c5b8d9ca59326707,0,2
2246,f1b7a69494c871d6ddbcea552c482dd4,0,2
2247,f1cf2d5e677042859a91c105bcaf5696,0,1
2248,f1e68d66a9030db482437fca7348d3b9,0,1
2249,f1ebd3dd87367bde8c4113e70146952f,0,1
2250,f1ef2286438e3194a2527824687f7a12,1,2
2251,f264544403d5a913976d792ca2b849e5,0,1
2252,f2905b0b127290100ec79df1593ebd8b,0,4
2253,f2abcc95ae92d82a401b9cc3efd2ba8c,0,1
2254,f2ac97f9bf7a7ed463c3788053958f86,0,1
2255,f2ad826704a686849296830e3db5cfb9,1,0
2256,f3159ce19da182070db72093d65aa5cb,1,0
2257,f347e4a5d44104dbd1e7d0394ff6ecde,0,3
2258,f3623162679cb2d77c9b1e57fbe90c58,0,1
2259,f3683e562e3621733e88f4dd3be3fa86,0,1
2260,f3a6af734b04302f12ae886d6b9913cc,0,2
2261,f3bf9a6ac06b4537f7f05ea13ddbed20,0,2
2262,f3c70b61eba348b239ccbd7a2adb5cee,0,1
2263,f3cea9febeb553981da386cf5ced4251,0,2
2264,f4181ad2e6c56cec70a2a488b48885e4,0,1
2265,f44d52fe71787d9ae7f1c4f592274a74,0,4
2266,f453992190206a69ff94fd310044d1c3,0,1
2267,f46136517171e57a47bfd85c53710bb0,1,0
2268,f49f18630acf136d79be05f404809290,1,0
2269,f4b85768d5e7f4c9a7d181f0eab9f122,0,2
2270,f4e19d735d76e27fd13e1dd395a4a1f8,0,1
2271,f4f480a0b750491b23e3b734ba30ef03,0,1
2272,f5073e83f70940f6537d9d88e24165a0,0,2
2273,f5224e348e6a99283af3e9ee0e0d6035,0,2
2274,f564c498d117f8ea9b48be9f11cfb831,0,5
2275,f57ee40076a955b24bde331fb975d799,1,0
2276,f58c33783d2b22bb3671a8cc09c3ed14,0,1
2277,f5ab0beb445d6260b3bea5402dd39d6b,0,1
2278,f5d9a416a86a7605d86d71f8de665bcc,0,1
2279,f625a1c07385659ad9378fb97a393cb6,0,2
2280,f644f9dd86201d69a21f038f37a31c16,0,1
2281,f64fff86fc47ec54b1d20c2af799fbe4,0,2
2282,f67877d5e8163aa813bc6d8aba31f8dd,0,1
2283,f6d46deb0f8bbc20b8eb6fd313b33cba,0,1
2284,f6e0d802893af5dd58926b586071954b,0,3
2285,f707b16aae3266ca2b837d1670bd88f6,0,1
2286,f70828c748ebc80fcf4f7580f6ccb9e5,0,1
2287,f72237a42682ce5fe7dc4dc2829e606d,0,1
2288,f739af02cfbd5e3fd73dcc08513a46a5,0,1
2289,f75f5e6d7ff8b73239d49cb777b8c284,0,2
2290,f766bc65afd4ec412510a8c4ff7baab7,0,1
2291,f76a3da4a0d20c7f0f961f0f321b40c2,0,1
2292,f7e1d6b5a4a6e437359feb63282ffc37,0,1
2293,f7fe3965a6de0d792b7deef0b25669ff,0,2
2294,f8001943d5914db09a13509e0f174f12,0,1
2295,f80fdf6da1b2d373d22e0959480d7afe,0,3
2296,f8391b598a42c010ec7bf0960737321d,0,2
2297,f86d45ff7772e864d4d2ef440f463e74,0,1
2298,f872002df6bd4bb128b648f8d7d7306d,0,5
2299,f87a42ddf606d7348e574d50a70b71d1,0,1
2300,f87dd196df737a68123c8b66c9b79480,0,1
2301,f8a5c6498eeb62f83bcf2816099e9bdf,0,2
2302,f8ab93843d8ea907b7c7d2c183f893d0,0,1
2303,f8d848a99bbc79a7e2bebf0f9e81e09f,0,1
2304,f8da6be69ef5c9343caf2a28f6ac5583,0,1
2305,f8dd8a121487ea824668ce38cf74a8b9,0,1
2306,f911077610f67f1543b5db6b34122fb4,0,4
2307,f9803071be3778b7509bd0e63c792b67,0,1
2308,f9a497eb441e8c0b13bab5ba42d0f4e1,0,1
2309,f9a95e53e51de4b9d0b8f9df65fa44cc,0,1
2310,f9d3f3712f2c73b2c3ca0b92e8761407,0,1
2311,f9f86f49a9ec9bf1fa32487543fd6c2e,0,1
2312,fa2fa3f81e1602357125b8c4a3153b97,1,5
2313,fa54d3e319c3694cfc45ed5319541a1b,0,7
2314,fa59a649a99fd27620843fa6c9138d45,2,0
2315,fa627d3dc3ffb948d957bf1e1305d28a,0,1
2316,fa6433e7cbf34fb7ef63cdf92cf7ee52,0,1
2317,fa7519f9b7ee3969e830960e631848f8,0,1
2318,fa9683b5c7afc92aea95490d6db2ca0c,0,2
2319,faa1cd9c9fed3f2f1e09f932f180b679,0,4
2320,faf0cd5ae1a0bede20ec99ec852a8591,0,1
2321,fb0ec7ea21b1fd3035119c9b35b5d228,0,1
2322,fb1345eace3ba6a72458db507398aa0c,0,1
2323,fb3e9071e79c215e2f3885c0392a25dc,0,1
2324,fb423e2f33ebe88b068e64bf40db415f,0,1
2325,fb56daf2e9da5ba2d1d370bbf4ced92e,0,1
2326,fb897781d2f03f3f8285f7d7c41e1588,0,1
2327,fbab65d328517e7f705430cb05bf6664,0,2
2328,fbd56403da9f5119c6a76da266fc7e8d,0,1
2329,fbf244b877be3b9da1708644d3eb6768,0,8
2330,fc0c0b194c36a1885024b9b287e82376,0,1
2331,fc15fa4ff0d0206260de8795056fc210,0,1
2332,fc3db635e988796231cd47f9010fdf51,0,1
2333,fc419296149f8d583f8edec8a7fd951c,1,0
2334,fc42c6e73740192acf01ddd2a57e4eae,0,1
2335,fc5419b8b9630f476a7b26a54c61d1f7,2,0
2336,fc9085edebf7630a17c8fc6f20a7eff9,0,3
2337,fca9dc5585f40a180cf648128d1fd142,3,5
2338,fcbc992ae12b0717de9e1c736193865b,0,1
2339,fcdcc5389b7c1d9e8a9d3228b47cc99f,0,1
2340,fced75e0ab274d77e4fef7f2a4e73d92,0,1
2341,fcf280f59fc2cd0cde7cd408ac9c3072,0,1
2342,fd0ae09150e39bc4675f2cfe81151af8,1,0
2343,fd3742c5c4982b946bc6fb48c035c6fd,0,1
2344,fd463976dae6a7cc317a20df0a6a64d1,0,1
2345,fd47dbae9731d8560d4217c8035f9b90,0,1
2346,fd7f200afd3b4623862e8f2e2cefd570,0,1
2347,fd7fb81a3eec2b2f30fede670572c4ab,0,1
2348,fda6932ba979383f1bdf887704dd7699,3,1
2349,fda75774826c4cd1ba94291e0a9ca21f,1,4
2350,fdb80fec0ed1e0a5ac52ba3b7390eae9,0,1
2351,fdcd3740408b9541adc88a741764e0f0,1,0
2352,fe34d5460d774c00ac6b7b1e26fa0dc0,3,0
2353,fe3a2237f79e0aa90ac8fa3d3829c17e,0,5
2354,fe3dcf89ef9e90711e7d93b4c51ba328,0,1
2355,fe67fb487f397c2f9a950991d2af90f3,1,0
2356,fe68410dd695d4ddca35c6c517bbf6cc,0,1
2357,fe7538793b685a7e9e723df9a9ac000a,0,2
2358,fe8fb9f1b09dc7a74db9e45dd79b67df,0,1
2359,fe9cd8a31892e2abb3f725449a081d82,1,0
2360,feac282273004b70264c10302467e890,0,1
2361,fec17f71e340eba762f2bc7a5af02196,0,1
2362,fed5a721590dadcb470f5e456e4dc101,0,2
2363,fedc3877ed94ab0f3c2a45000b118f87,0,1
2364,feed578938af27231e2ed935e88fc5fc,0,2
2365,ff49be6e305aadf18b907060370f533d,0,1
2366,ff50c7cc3322dcbca1973f415ac60e7c,0,1
2367,ff72f867e0068c3be2cd97307c51cfd1,0,2
2368,ff9d4628561c9399e6d1cdc5251a64a7,0,1
2369,ffb646229126248e3133fcd52acd1740,0,2
2370,ffce68f19968ff376b508ca60012d1c6,0,2
2371,fff3ae66050540db5fa7696571541752,0,2
